title,url,edit_url,path
新加坡 A-Level 考试完全攻略：H1/H2 科目、GP 与大学申请,https://sgeda.org.cn/a-level/,https://github.com/wysin808-dot/seda-website/edit/main/a-level/index.html,a-level/index.html
关于 SEDA 与合作入口 | 学校合作、代理合作、渠道合作,https://sgeda.org.cn/about/,https://github.com/wysin808-dot/seda-website/edit/main/about/index.html,about/index.html
AEIS年龄要求怎么看？中国学生申请新加坡政府学校别踩这个坑,https://sgeda.org.cn/aeis/aeis-age-requirements-chinese-students/,https://github.com/wysin808-dot/seda-website/edit/main/aeis/aeis-age-requirements-chinese-students/index.html,aeis/aeis-age-requirements-chinese-students/index.html
AEIS数学怎么备考？中国学生不能只靠刷题,https://sgeda.org.cn/aeis/aeis-math-preparation/,https://github.com/wysin808-dot/seda-website/edit/main/aeis/aeis-math-preparation/index.html,aeis/aeis-math-preparation/index.html
AEIS 年龄与年级要求详解：各年龄段可报考年级对照表,https://sgeda.org.cn/aeis/age-requirements/,https://github.com/wysin808-dot/seda-website/edit/main/aeis/age-requirements/index.html,aeis/age-requirements/index.html
AEIS 英文考试题型详解：阅读、写作与语法全面攻略,https://sgeda.org.cn/aeis/english/,https://github.com/wysin808-dot/seda-website/edit/main/aeis/english/index.html,aeis/english/index.html
AEIS 年级测算工具：输入出生日期，查看可报考年级,https://sgeda.org.cn/aeis/grade-checker/,https://github.com/wysin808-dot/seda-website/edit/main/aeis/grade-checker/index.html,aeis/grade-checker/index.html
AEIS 考试完全攻略：国际学生进入新加坡政府学校全指南,https://sgeda.org.cn/aeis/,https://github.com/wysin808-dot/seda-website/edit/main/aeis/index.html,aeis/index.html
AEIS 数学考试题型详解：知识点、题型与备考策略,https://sgeda.org.cn/aeis/math/,https://github.com/wysin808-dot/seda-website/edit/main/aeis/math/index.html,aeis/math/index.html
AEIS 备考攻略：中国学生如何高效准备 AEIS 考试,https://sgeda.org.cn/aeis/preparation/,https://github.com/wysin808-dot/seda-website/edit/main/aeis/preparation/index.html,aeis/preparation/index.html
AEIS 通过率与录取数据分析：真实录取情况解读,https://sgeda.org.cn/aeis/results/,https://github.com/wysin808-dot/seda-website/edit/main/aeis/results/index.html,aeis/results/index.html
S-AEIS 补充考试完全指南：报名、考试与录取全流程,https://sgeda.org.cn/aeis/s-aeis/,https://github.com/wysin808-dot/seda-website/edit/main/aeis/s-aeis/index.html,aeis/s-aeis/index.html
AEIS 考试时间与报名流程：2025-2026 完整时间表,https://sgeda.org.cn/aeis/timeline/,https://github.com/wysin808-dot/seda-website/edit/main/aeis/timeline/index.html,aeis/timeline/index.html
新加坡 AP 课程完全攻略：考试科目、备考策略与大学申请,https://sgeda.org.cn/ap/,https://github.com/wysin808-dot/seda-website/edit/main/ap/index.html,ap/index.html
阿德莱德大学 University of Adelaide 完全指南,https://sgeda.org.cn/au-university/adelaide/,https://github.com/wysin808-dot/seda-website/edit/main/au-university/adelaide/index.html,au-university/adelaide/index.html
澳大利亚国立大学 ANU 完全指南,https://sgeda.org.cn/au-university/anu/,https://github.com/wysin808-dot/seda-website/edit/main/au-university/anu/index.html,au-university/anu/index.html
澳洲八大名校 (Group of Eight) 完全指南,https://sgeda.org.cn/au-university/,https://github.com/wysin808-dot/seda-website/edit/main/au-university/index.html,au-university/index.html
AI 澳洲大学匹配工具：输入成绩，智能推荐适合你的澳洲大学,https://sgeda.org.cn/au-university/matcher/,https://github.com/wysin808-dot/seda-website/edit/main/au-university/matcher/index.html,au-university/matcher/index.html
莫纳什大学 Monash University 完全指南,https://sgeda.org.cn/au-university/monash/,https://github.com/wysin808-dot/seda-website/edit/main/au-university/monash/index.html,au-university/monash/index.html
莫纳什大学印尼校区 Monash University Indonesia 完全指南,https://sgeda.org.cn/au-university/monash/indonesia/,https://github.com/wysin808-dot/seda-website/edit/main/au-university/monash/indonesia/index.html,au-university/monash/indonesia/index.html
莫纳什大学马来西亚校区 Monash University Malaysia 完全指南,https://sgeda.org.cn/au-university/monash/malaysia/,https://github.com/wysin808-dot/seda-website/edit/main/au-university/monash/malaysia/index.html,au-university/monash/malaysia/index.html
澳洲八大海外分校完全指南：Go8 海外校区录取要求与学费,https://sgeda.org.cn/au-university/overseas-campuses/,https://github.com/wysin808-dot/seda-website/edit/main/au-university/overseas-campuses/index.html,au-university/overseas-campuses/index.html
AI 澳洲升学规划：量身定制你的澳洲大学申请方案,https://sgeda.org.cn/au-university/planner/,https://github.com/wysin808-dot/seda-website/edit/main/au-university/planner/index.html,au-university/planner/index.html
皇家墨尔本理工大学 RMIT 完全指南：专业、录取要求与学费,https://sgeda.org.cn/au-university/rmit/,https://github.com/wysin808-dot/seda-website/edit/main/au-university/rmit/index.html,au-university/rmit/index.html
墨尔本大学 The University of Melbourne 完全指南,https://sgeda.org.cn/au-university/unimelb/,https://github.com/wysin808-dot/seda-website/edit/main/au-university/unimelb/index.html,au-university/unimelb/index.html
新南威尔士大学 UNSW 完全指南,https://sgeda.org.cn/au-university/unsw/,https://github.com/wysin808-dot/seda-website/edit/main/au-university/unsw/index.html,au-university/unsw/index.html
昆士兰大学 UQ 完全指南,https://sgeda.org.cn/au-university/uq/,https://github.com/wysin808-dot/seda-website/edit/main/au-university/uq/index.html,au-university/uq/index.html
悉尼大学 University of Sydney 完全指南,https://sgeda.org.cn/au-university/usyd/,https://github.com/wysin808-dot/seda-website/edit/main/au-university/usyd/index.html,au-university/usyd/index.html
悉尼科技大学 UTS 完全指南：专业、录取要求与学费,https://sgeda.org.cn/au-university/uts/,https://github.com/wysin808-dot/seda-website/edit/main/au-university/uts/index.html,au-university/uts/index.html
西澳大学 UWA 完全指南 — WACE课程发源地,https://sgeda.org.cn/au-university/uwa/,https://github.com/wysin808-dot/seda-website/edit/main/au-university/uwa/index.html,au-university/uwa/index.html
SEDA CMS 内容后台,https://sgeda.org.cn/cms/,https://github.com/wysin808-dot/seda-website/edit/main/cms/index.html,cms/index.html
联系 Amy — 免费新加坡择校咨询,https://sgeda.org.cn/contact/,https://github.com/wysin808-dot/seda-website/edit/main/contact/index.html,contact/index.html
SEDA 内容审核后台,https://sgeda.org.cn/content-review/,https://github.com/wysin808-dot/seda-website/edit/main/content-review/index.html,content-review/index.html
CAT4 认知能力测评完全攻略：新加坡国际学校入学,https://sgeda.org.cn/entrance-exams/cat4/,https://github.com/wysin808-dot/seda-website/edit/main/entrance-exams/cat4/index.html,entrance-exams/cat4/index.html
新加坡留学入学测评与考试总览,https://sgeda.org.cn/entrance-exams/,https://github.com/wysin808-dot/seda-website/edit/main/entrance-exams/index.html,entrance-exams/index.html
MAP Growth 测评完全攻略：新加坡国际学校入学必备,https://sgeda.org.cn/entrance-exams/map-growth/,https://github.com/wysin808-dot/seda-website/edit/main/entrance-exams/map-growth/index.html,entrance-exams/map-growth/index.html
芝加哥大学 Booth 商学院新加坡 EMBA 完全指南,https://sgeda.org.cn/foreign-university/chicago-booth/,https://github.com/wysin808-dot/seda-website/edit/main/foreign-university/chicago-booth/index.html,foreign-university/chicago-booth/index.html
ESSEC 新加坡校区完全指南：法国顶尖商学院亚洲校区,https://sgeda.org.cn/foreign-university/essec/,https://github.com/wysin808-dot/seda-website/edit/main/foreign-university/essec/index.html,foreign-university/essec/index.html
海外名校新加坡校区完全指南：INSEAD、ESSEC、芝加哥大学等,https://sgeda.org.cn/foreign-university/,https://github.com/wysin808-dot/seda-website/edit/main/foreign-university/index.html,foreign-university/index.html
INSEAD 新加坡校区完全指南：全球 MBA #1 的亚洲总部,https://sgeda.org.cn/foreign-university/insead/,https://github.com/wysin808-dot/seda-website/edit/main/foreign-university/insead/index.html,foreign-university/insead/index.html
SP Jain 全球管理学院新加坡校区完全指南：多城市轮转教学,https://sgeda.org.cn/foreign-university/sp-jain/,https://github.com/wysin808-dot/seda-website/edit/main/foreign-university/sp-jain/index.html,foreign-university/sp-jain/index.html
TUM Asia 慕尼黑工业大学亚洲校区完全指南：德国顶尖理工在新加坡,https://sgeda.org.cn/foreign-university/tum-asia/,https://github.com/wysin808-dot/seda-website/edit/main/foreign-university/tum-asia/index.html,foreign-university/tum-asia/index.html
新加坡 Foundation 预科课程完全攻略,https://sgeda.org.cn/foundation/,https://github.com/wysin808-dot/seda-website/edit/main/foundation/index.html,foundation/index.html
新加坡政府学校留学完全指南：入学途径、学费与选校策略,https://sgeda.org.cn/government-schools/,https://github.com/wysin808-dot/seda-website/edit/main/government-schools/index.html,government-schools/index.html
新加坡留学住宿方案全攻略：宿舍、寄宿与租房对比,https://sgeda.org.cn/guides/accommodation/,https://github.com/wysin808-dot/seda-website/edit/main/guides/accommodation/index.html,guides/accommodation/index.html
新加坡留学行前准备清单,https://sgeda.org.cn/guides/checklist/,https://github.com/wysin808-dot/seda-website/edit/main/guides/checklist/index.html,guides/checklist/index.html
新加坡留学费用全面核算：学费、生活费与总预算指南,https://sgeda.org.cn/guides/cost/,https://github.com/wysin808-dot/seda-website/edit/main/guides/cost/index.html,guides/cost/index.html
新加坡陪读准证完全指南：家长陪读签证申请、续签与工作许可,https://sgeda.org.cn/guides/dependent-pass/,https://github.com/wysin808-dot/seda-website/edit/main/guides/dependent-pass/index.html,guides/dependent-pass/index.html
新加坡留学实用指南大全,https://sgeda.org.cn/guides/,https://github.com/wysin808-dot/seda-website/edit/main/guides/index.html,guides/index.html
新加坡留学家长常见问题完全解答,https://sgeda.org.cn/guides/parents-faq/,https://github.com/wysin808-dot/seda-website/edit/main/guides/parents-faq/index.html,guides/parents-faq/index.html
新加坡留学奖学金完全指南,https://sgeda.org.cn/guides/scholarship/,https://github.com/wysin808-dot/seda-website/edit/main/guides/scholarship/index.html,guides/scholarship/index.html
新加坡学生准证（Student Pass）申请完全指南,https://sgeda.org.cn/guides/student-pass/,https://github.com/wysin808-dot/seda-website/edit/main/guides/student-pass/index.html,guides/student-pass/index.html
学生准证怎么申请？中国学生来新加坡读书要准备哪些材料,https://sgeda.org.cn/guides/student-pass-application-singapore/,https://github.com/wysin808-dot/seda-website/edit/main/guides/student-pass-application-singapore/index.html,guides/student-pass-application-singapore/index.html
新加坡留学时间线与申请规划,https://sgeda.org.cn/guides/timeline/,https://github.com/wysin808-dot/seda-website/edit/main/guides/timeline/index.html,guides/timeline/index.html
香港城市大学 City University of Hong Kong (CityU) 完全指南,https://sgeda.org.cn/hk-university/cityu/,https://github.com/wysin808-dot/seda-website/edit/main/hk-university/cityu/index.html,hk-university/cityu/index.html
香港中文大学 The Chinese University of Hong Kong (CUHK) 完全指南,https://sgeda.org.cn/hk-university/cuhk/,https://github.com/wysin808-dot/seda-website/edit/main/hk-university/cuhk/index.html,hk-university/cuhk/index.html
香港教育大学 EdUHK 完全指南,https://sgeda.org.cn/hk-university/eduhk/,https://github.com/wysin808-dot/seda-website/edit/main/hk-university/eduhk/index.html,hk-university/eduhk/index.html
香港浸会大学 Hong Kong Baptist University (HKBU) 完全指南,https://sgeda.org.cn/hk-university/hkbu/,https://github.com/wysin808-dot/seda-website/edit/main/hk-university/hkbu/index.html,hk-university/hkbu/index.html
香港大学 The University of Hong Kong (HKU) 完全指南,https://sgeda.org.cn/hk-university/hku/,https://github.com/wysin808-dot/seda-website/edit/main/hk-university/hku/index.html,hk-university/hku/index.html
香港科技大学 HKUST 完全指南,https://sgeda.org.cn/hk-university/hkust/,https://github.com/wysin808-dot/seda-website/edit/main/hk-university/hkust/index.html,hk-university/hkust/index.html
香港八大名校完全指南：中国学生申请攻略,https://sgeda.org.cn/hk-university/,https://github.com/wysin808-dot/seda-website/edit/main/hk-university/index.html,hk-university/index.html
岭南大学 Lingnan University (LU) 完全指南,https://sgeda.org.cn/hk-university/lingnan/,https://github.com/wysin808-dot/seda-website/edit/main/hk-university/lingnan/index.html,hk-university/lingnan/index.html
香港八大 AI 升学匹配工具：输入成绩智能推荐适合你的香港大学,https://sgeda.org.cn/hk-university/matcher/,https://github.com/wysin808-dot/seda-website/edit/main/hk-university/matcher/index.html,hk-university/matcher/index.html
AI 香港升学规划：量身定制你的香港大学申请方案,https://sgeda.org.cn/hk-university/planner/,https://github.com/wysin808-dot/seda-website/edit/main/hk-university/planner/index.html,hk-university/planner/index.html
香港理工大学 The Hong Kong Polytechnic University (PolyU) 完全指南,https://sgeda.org.cn/hk-university/polyu/,https://github.com/wysin808-dot/seda-website/edit/main/hk-university/polyu/index.html,hk-university/polyu/index.html
新加坡 IB 课程完全攻略：IBDP 结构、评分与学校推荐,https://sgeda.org.cn/ib/,https://github.com/wysin808-dot/seda-website/edit/main/ib/index.html,ib/index.html
SEDA 新加坡择校网 | 中国家庭新加坡留学升学参谋,https://sgeda.org.cn/,https://github.com/wysin808-dot/seda-website/edit/main/index.html,index.html
5 Steps Academy怎么样？学费、申请与课程指南,https://sgeda.org.cn/international-school/5-steps-academy/,https://github.com/wysin808-dot/seda-website/edit/main/international-school/5-steps-academy/index.html,international-school/5-steps-academy/index.html
英华国际学校怎么样？学费、申请与课程指南,https://sgeda.org.cn/international-school/acs-international/,https://github.com/wysin808-dot/seda-website/edit/main/international-school/acs-international/index.html,international-school/acs-international/index.html
Astor 国际学校怎么样？学费、申请与课程指南,https://sgeda.org.cn/international-school/astor-international/,https://github.com/wysin808-dot/seda-website/edit/main/international-school/astor-international/index.html,international-school/astor-international/index.html
澳洲国际学校怎么样？学费、申请与课程指南,https://sgeda.org.cn/international-school/australian-international/,https://github.com/wysin808-dot/seda-website/edit/main/international-school/australian-international/index.html,international-school/australian-international/index.html
布莱顿学院新加坡怎么样？学费、申请与课程指南,https://sgeda.org.cn/international-school/brighton-college/,https://github.com/wysin808-dot/seda-website/edit/main/international-school/brighton-college/index.html,international-school/brighton-college/index.html
加拿大国际学校怎么样？学费、申请与课程指南,https://sgeda.org.cn/international-school/canadian-international/,https://github.com/wysin808-dot/seda-website/edit/main/international-school/canadian-international/index.html,international-school/canadian-international/index.html
Chatsworth 国际学校怎么样？学费、申请与课程指南,https://sgeda.org.cn/international-school/chatsworth/,https://github.com/wysin808-dot/seda-website/edit/main/international-school/chatsworth/index.html,international-school/chatsworth/index.html
博伟国际教育学院怎么样？学费、申请与课程指南,https://sgeda.org.cn/international-school/dimensions-international/,https://github.com/wysin808-dot/seda-website/edit/main/international-school/dimensions-international/index.html,international-school/dimensions-international/index.html
多佛阁国际学校怎么样？学费、申请与课程指南,https://sgeda.org.cn/international-school/dover-court/,https://github.com/wysin808-dot/seda-website/edit/main/international-school/dover-court/index.html,international-school/dover-court/index.html
DPS 国际学校怎么样？学费、申请与课程指南,https://sgeda.org.cn/international-school/dps-international/,https://github.com/wysin808-dot/seda-website/edit/main/international-school/dps-international/index.html,international-school/dps-international/index.html
德威国际学校怎么样？学费、申请与课程指南,https://sgeda.org.cn/international-school/dulwich/,https://github.com/wysin808-dot/seda-website/edit/main/international-school/dulwich/index.html,international-school/dulwich/index.html
伊顿国际学校怎么样？学费、申请与课程指南,https://sgeda.org.cn/international-school/etonhouse-international/,https://github.com/wysin808-dot/seda-website/edit/main/international-school/etonhouse-international/index.html,international-school/etonhouse-international/index.html
辅仁国际学校怎么样？学费、申请与课程指南,https://sgeda.org.cn/international-school/furen-international/,https://github.com/wysin808-dot/seda-website/edit/main/international-school/furen-international/index.html,international-school/furen-international/index.html
XCL World Academy怎么样？学费、申请与课程指南,https://sgeda.org.cn/international-school/gems-world-academy/,https://github.com/wysin808-dot/seda-website/edit/main/international-school/gems-world-academy/index.html,international-school/gems-world-academy/index.html
德国欧洲学校怎么样？学费、申请与课程指南,https://sgeda.org.cn/international-school/gess/,https://github.com/wysin808-dot/seda-website/edit/main/international-school/gess/index.html,international-school/gess/index.html
环球印度国际学校怎么样？学费、申请与课程指南,https://sgeda.org.cn/international-school/global-indian/,https://github.com/wysin808-dot/seda-website/edit/main/international-school/global-indian/index.html,international-school/global-indian/index.html
荷兰国际学校怎么样？学费、申请与课程指南,https://sgeda.org.cn/international-school/holland-international/,https://github.com/wysin808-dot/seda-website/edit/main/international-school/holland-international/index.html,international-school/holland-international/index.html
华中国际学校怎么样？学费、申请与课程指南,https://sgeda.org.cn/international-school/hwa-chong-international/,https://github.com/wysin808-dot/seda-website/edit/main/international-school/hwa-chong-international/index.html,international-school/hwa-chong-international/index.html
新加坡国际学校完全指南：选校、学费与申请攻略,https://sgeda.org.cn/international-school/,https://github.com/wysin808-dot/seda-website/edit/main/international-school/index.html,international-school/index.html
Insworld 学院怎么样？学费、申请与课程指南,https://sgeda.org.cn/international-school/insworld-institute/,https://github.com/wysin808-dot/seda-website/edit/main/international-school/insworld-institute/index.html,international-school/insworld-institute/index.html
Integrated International School怎么样？学费、申请与课程指南,https://sgeda.org.cn/international-school/integrated-international/,https://github.com/wysin808-dot/seda-website/edit/main/international-school/integrated-international/index.html,international-school/integrated-international/index.html
新加坡法国国际学校怎么样？学费、申请与课程指南,https://sgeda.org.cn/international-school/international-french-school/,https://github.com/wysin808-dot/seda-website/edit/main/international-school/international-french-school/index.html,international-school/international-french-school/index.html
英维特国际学校怎么样？学费、申请与课程指南,https://sgeda.org.cn/international-school/invictus/,https://github.com/wysin808-dot/seda-website/edit/main/international-school/invictus/index.html,international-school/invictus/index.html
ISS 国际学校怎么样？学费、申请与课程指南,https://sgeda.org.cn/international-school/iss/,https://github.com/wysin808-dot/seda-website/edit/main/international-school/iss/index.html,international-school/iss/index.html
Knightsbridge House 国际学校怎么样？学费、申请与课程指南,https://sgeda.org.cn/international-school/knightsbridge-house/,https://github.com/wysin808-dot/seda-website/edit/main/international-school/knightsbridge-house/index.html,international-school/knightsbridge-house/index.html
Lotus Bridge 国际学校怎么样？学费、申请与课程指南,https://sgeda.org.cn/international-school/lotus-bridge/,https://github.com/wysin808-dot/seda-website/edit/main/international-school/lotus-bridge/index.html,international-school/lotus-bridge/index.html
墨尔本专门学校怎么样？学费、申请与课程指南,https://sgeda.org.cn/international-school/melbourne-specialist/,https://github.com/wysin808-dot/seda-website/edit/main/international-school/melbourne-specialist/index.html,international-school/melbourne-specialist/index.html
Middleton 国际学校怎么样？学费、申请与课程指南,https://sgeda.org.cn/international-school/middleton-international/,https://github.com/wysin808-dot/seda-website/edit/main/international-school/middleton-international/index.html,international-school/middleton-international/index.html
Nexus 国际学校怎么样？学费、申请与课程指南,https://sgeda.org.cn/international-school/nexus/,https://github.com/wysin808-dot/seda-website/edit/main/international-school/nexus/index.html,international-school/nexus/index.html
北伦敦学院新加坡怎么样？学费、申请与课程指南,https://sgeda.org.cn/international-school/north-london-collegiate/,https://github.com/wysin808-dot/seda-website/edit/main/international-school/north-london-collegiate/index.html,international-school/north-london-collegiate/index.html
NPS 国际学校怎么样？学费、申请与课程指南,https://sgeda.org.cn/international-school/nps-international/,https://github.com/wysin808-dot/seda-website/edit/main/international-school/nps-international/index.html,international-school/nps-international/index.html
One World 国际学校怎么样？学费、申请与课程指南,https://sgeda.org.cn/international-school/one-world/,https://github.com/wysin808-dot/seda-website/edit/main/international-school/one-world/index.html,international-school/one-world/index.html
海外家庭学校怎么样？学费、申请与课程指南,https://sgeda.org.cn/international-school/overseas-family-school/,https://github.com/wysin808-dot/seda-website/edit/main/international-school/overseas-family-school/index.html,international-school/overseas-family-school/index.html
珀斯学校新加坡怎么样？学费、申请与课程指南,https://sgeda.org.cn/international-school/perse-school/,https://github.com/wysin808-dot/seda-website/edit/main/international-school/perse-school/index.html,international-school/perse-school/index.html
Raeburn Park 学校怎么样？学费、申请与课程指南,https://sgeda.org.cn/international-school/raeburn-park/,https://github.com/wysin808-dot/seda-website/edit/main/international-school/raeburn-park/index.html,international-school/raeburn-park/index.html
三育中小学怎么样？学费、申请与课程指南,https://sgeda.org.cn/international-school/san-yu-adventist/,https://github.com/wysin808-dot/seda-website/edit/main/international-school/san-yu-adventist/index.html,international-school/san-yu-adventist/index.html
新加坡国际学校名单：IB、英国、美国、澳洲与私立国际课程学校,https://sgeda.org.cn/international-school/schools/,https://github.com/wysin808-dot/seda-website/edit/main/international-school/schools/index.html,international-school/schools/index.html
新加坡美国学校怎么样？学费、申请与课程指南,https://sgeda.org.cn/international-school/singapore-american/,https://github.com/wysin808-dot/seda-website/edit/main/international-school/singapore-american/index.html,international-school/singapore-american/index.html
新加坡国际学校学费一年多少？中国家庭要算清这几笔账,https://sgeda.org.cn/international-school/singapore-international-school-fees/,https://github.com/wysin808-dot/seda-website/edit/main/international-school/singapore-international-school-fees/index.html,international-school/singapore-international-school-fees/index.html
新加坡韩国国际学校怎么样？学费、申请与课程指南,https://sgeda.org.cn/international-school/singapore-korean-international/,https://github.com/wysin808-dot/seda-website/edit/main/international-school/singapore-korean-international/index.html,international-school/singapore-korean-international/index.html
Sir Manasseh Meyer 国际学校怎么样？学费、申请与课程指南,https://sgeda.org.cn/international-school/sir-manasseh-meyer/,https://github.com/wysin808-dot/seda-website/edit/main/international-school/sir-manasseh-meyer/index.html,international-school/sir-manasseh-meyer/index.html
圣若瑟国际学校怎么样？学费、申请与课程指南,https://sgeda.org.cn/international-school/sji-international/,https://github.com/wysin808-dot/seda-website/edit/main/international-school/sji-international/index.html,international-school/sji-international/index.html
圣法兰西斯卫理学校怎么样？学费、申请与课程指南,https://sgeda.org.cn/international-school/st-francis-methodist/,https://github.com/wysin808-dot/seda-website/edit/main/international-school/st-francis-methodist/index.html,international-school/st-francis-methodist/index.html
斯坦福美国国际学校怎么样？学费、申请与课程指南,https://sgeda.org.cn/international-school/stamford-american/,https://github.com/wysin808-dot/seda-website/edit/main/international-school/stamford-american/index.html,international-school/stamford-american/index.html
新加坡瑞士学校怎么样？学费、申请与课程指南,https://sgeda.org.cn/international-school/swiss-school/,https://github.com/wysin808-dot/seda-website/edit/main/international-school/swiss-school/index.html,international-school/swiss-school/index.html
东陵信托学校怎么样？学费、申请与课程指南,https://sgeda.org.cn/international-school/tanglin-trust/,https://github.com/wysin808-dot/seda-website/edit/main/international-school/tanglin-trust/index.html,international-school/tanglin-trust/index.html
格兰治学校怎么样？学费、申请与课程指南,https://sgeda.org.cn/international-school/the-grange-institution/,https://github.com/wysin808-dot/seda-website/edit/main/international-school/the-grange-institution/index.html,international-school/the-grange-institution/index.html
东南亚世界联合书院怎么样？学费、申请与课程指南,https://sgeda.org.cn/international-school/uwcsea/,https://github.com/wysin808-dot/seda-website/edit/main/international-school/uwcsea/index.html,international-school/uwcsea/index.html
早稻田涩谷新加坡学校怎么样？学费、申请与课程指南,https://sgeda.org.cn/international-school/waseda-shibuya/,https://github.com/wysin808-dot/seda-website/edit/main/international-school/waseda-shibuya/index.html,international-school/waseda-shibuya/index.html
Winstedt 学校怎么样？学费、申请与课程指南,https://sgeda.org.cn/international-school/winstedt/,https://github.com/wysin808-dot/seda-website/edit/main/international-school/winstedt/index.html,international-school/winstedt/index.html
Yuvabharathi 国际学校怎么样？学费、申请与课程指南,https://sgeda.org.cn/international-school/yuvabharathi/,https://github.com/wysin808-dot/seda-website/edit/main/international-school/yuvabharathi/index.html,international-school/yuvabharathi/index.html
安德逊施里兰甘初级学院完整指南：2019合并JC、宏茂桥校区、L1R5参考与升学路径,https://sgeda.org.cn/jc/anderson-serangoon-jc/,https://github.com/wysin808-dot/seda-website/edit/main/jc/anderson-serangoon-jc/index.html,jc/anderson-serangoon-jc/index.html
英华初级学院完整指南：ACS品牌、基督教使命学校、A-Level申请分数与升学路径,https://sgeda.org.cn/jc/anglo-chinese-jc/,https://github.com/wysin808-dot/seda-website/edit/main/jc/anglo-chinese-jc/index.html,jc/anglo-chinese-jc/index.html
公教初级学院完整指南：天主教使命学校、含前圣安德烈JC、A-Level申请与升学路径,https://sgeda.org.cn/jc/catholic-jc/,https://github.com/wysin808-dot/seda-website/edit/main/jc/catholic-jc/index.html,jc/catholic-jc/index.html
德明政府中学完整指南：SAP双语IP精英学校、PSLE直升路径、无JAE、A-Level升学,https://sgeda.org.cn/jc/dunman-high/,https://github.com/wysin808-dot/seda-website/edit/main/jc/dunman-high/index.html,jc/dunman-high/index.html
尤诺斯初级学院完整指南：新加坡最新JC、艺术人文双强、申请分数与升学路径,https://sgeda.org.cn/jc/eunoia-jc/,https://github.com/wysin808-dot/seda-website/edit/main/jc/eunoia-jc/index.html,jc/eunoia-jc/index.html
华侨中学高中部完整指南：华文特选CLSP、双文化课程、A-Level申请分数与升学路径,https://sgeda.org.cn/jc/hwa-chong-institution/,https://github.com/wysin808-dot/seda-website/edit/main/jc/hwa-chong-institution/index.html,jc/hwa-chong-institution/index.html
新加坡初级学院（JC）完全指南：16 所 JC 排名、L1R5 COP 与选校攻略,https://sgeda.org.cn/jc/,https://github.com/wysin808-dot/seda-website/edit/main/jc/index.html,jc/index.html
裕廊先驱初级学院完整指南：西部合并JC、先驱地铁校区、L1R5参考与升学路径,https://sgeda.org.cn/jc/jurong-pioneer-jc/,https://github.com/wysin808-dot/seda-website/edit/main/jc/jurong-pioneer-jc/index.html,jc/jurong-pioneer-jc/index.html
南洋初级学院完整指南：临近东部华人社区、理科稳健、A-Level申请分数与升学路径,https://sgeda.org.cn/jc/nanyang-jc/,https://github.com/wysin808-dot/seda-website/edit/main/jc/nanyang-jc/index.html,jc/nanyang-jc/index.html
国家初级学院完整指南：新加坡最悠久JC、华文特选SAP、艺术特选AEP与A-Level升学路径,https://sgeda.org.cn/jc/national-jc/,https://github.com/wysin808-dot/seda-website/edit/main/jc/national-jc/index.html,jc/national-jc/index.html
莱佛士书院完整指南：新加坡最古老顶级JC、人文研究双强、A-Level申请方式与升学路径,https://sgeda.org.cn/jc/raffles-institution/,https://github.com/wysin808-dot/seda-website/edit/main/jc/raffles-institution/index.html,jc/raffles-institution/index.html
里弗威利中学完整指南：SAP双语IP精英学校、Boon Lay新校区、无JAE、A-Level升学,https://sgeda.org.cn/jc/river-valley-high/,https://github.com/wysin808-dot/seda-website/edit/main/jc/river-valley-high/index.html,jc/river-valley-high/index.html
圣安德烈初级学院（SAJC）简介：2020年并入公教JC，现有升学选择指南,https://sgeda.org.cn/jc/st-andrews-jc/,https://github.com/wysin808-dot/seda-website/edit/main/jc/st-andrews-jc/index.html,jc/st-andrews-jc/index.html
淡滨尼子午线初级学院完整指南：东部合并JC、巴西立校区、L1R5参考与升学路径,https://sgeda.org.cn/jc/tampines-meridian-jc/,https://github.com/wysin808-dot/seda-website/edit/main/jc/tampines-meridian-jc/index.html,jc/tampines-meridian-jc/index.html
淡马锡初级学院完整指南：东部便利、理科均衡、A-Level申请分数与NTU/NUS升学路径,https://sgeda.org.cn/jc/temasek-jc/,https://github.com/wysin808-dot/seda-website/edit/main/jc/temasek-jc/index.html,jc/temasek-jc/index.html
维多利亚初级学院完整指南：东部理科强校、A-Level申请分数与NUS/NTU升学路径,https://sgeda.org.cn/jc/victoria-jc/,https://github.com/wysin808-dot/seda-website/edit/main/jc/victoria-jc/index.html,jc/victoria-jc/index.html
义顺因诺瓦初级学院完整指南：北部合并JC、义顺校区、L1R5参考与升学路径,https://sgeda.org.cn/jc/yishun-innova-jc/,https://github.com/wysin808-dot/seda-website/edit/main/jc/yishun-innova-jc/index.html,jc/yishun-innova-jc/index.html
新加坡留学最新资讯与政策动态,https://sgeda.org.cn/news/,https://github.com/wysin808-dot/seda-website/edit/main/news/index.html,news/index.html
中国学生新加坡 O-Level 完全指南：从入学到升学的全程攻略,https://sgeda.org.cn/o-level/chinese-students/,https://github.com/wysin808-dot/seda-website/edit/main/o-level/chinese-students/index.html,o-level/chinese-students/index.html
新加坡 O-Level 考试形式全解析：题型、时间与评分标准,https://sgeda.org.cn/o-level/exam-format/,https://github.com/wysin808-dot/seda-website/edit/main/o-level/exam-format/index.html,o-level/exam-format/index.html
新加坡 O-Level 考试完全攻略：科目、评分与升学路径指南,https://sgeda.org.cn/o-level/,https://github.com/wysin808-dot/seda-website/edit/main/o-level/index.html,o-level/index.html
O-Level英文难吗？中国学生最容易卡在哪些地方,https://sgeda.org.cn/o-level/o-level-english-difficulty/,https://github.com/wysin808-dot/seda-website/edit/main/o-level/o-level-english-difficulty/index.html,o-level/o-level-english-difficulty/index.html
O-Level申请Poly怎么规划？中国学生和家长要看懂这条路,https://sgeda.org.cn/o-level/o-level-poly-application-guide/,https://github.com/wysin808-dot/seda-website/edit/main/o-level/o-level-poly-application-guide/index.html,o-level/o-level-poly-application-guide/index.html
O-Level 备考攻略：中国学生高效备考方法与时间规划,https://sgeda.org.cn/o-level/preparation/,https://github.com/wysin808-dot/seda-website/edit/main/o-level/preparation/index.html,o-level/preparation/index.html
私立学校读 O-Level 完全指南：国际学生的最佳备考路径,https://sgeda.org.cn/o-level/private-school/,https://github.com/wysin808-dot/seda-website/edit/main/o-level/private-school/index.html,o-level/private-school/index.html
新加坡 O-Level 考试报名全指南：流程、时间与费用,https://sgeda.org.cn/o-level/registration/,https://github.com/wysin808-dot/seda-website/edit/main/o-level/registration/index.html,o-level/registration/index.html
O-Level 成绩放榜全攻略：如何看懂成绩单与下一步规划,https://sgeda.org.cn/o-level/results-grading/,https://github.com/wysin808-dot/seda-website/edit/main/o-level/results-grading/index.html,o-level/results-grading/index.html
O-Level 重考全攻略：什么时候该重考、如何报名与备考策略,https://sgeda.org.cn/o-level/retake/,https://github.com/wysin808-dot/seda-website/edit/main/o-level/retake/index.html,o-level/retake/index.html
O-Level L1R5 与 ELR2B2 评分体系完全解读,https://sgeda.org.cn/o-level/scoring/,https://github.com/wysin808-dot/seda-website/edit/main/o-level/scoring/index.html,o-level/scoring/index.html
新加坡 O-Level 科目选择指南：必修与选修科目全解析,https://sgeda.org.cn/o-level/subjects/,https://github.com/wysin808-dot/seda-website/edit/main/o-level/subjects/index.html,o-level/subjects/index.html
O-Level 备考与申请时间线：从入学到考试的完整日历,https://sgeda.org.cn/o-level/timeline/,https://github.com/wysin808-dot/seda-website/edit/main/o-level/timeline/index.html,o-level/timeline/index.html
O-Level 各科备考技巧：分科目高分攻略与拿 A 策略,https://sgeda.org.cn/o-level/tips-by-subject/,https://github.com/wysin808-dot/seda-website/edit/main/o-level/tips-by-subject/index.html,o-level/tips-by-subject/index.html
O-Level vs IGCSE 全面对比：新加坡中学课程怎么选,https://sgeda.org.cn/o-level/vs-igcse/,https://github.com/wysin808-dot/seda-website/edit/main/o-level/vs-igcse/index.html,o-level/vs-igcse/index.html
O-Level 后读 JC（初级学院）完全指南：L1R5、选校与 A-Level 准备,https://sgeda.org.cn/o-level-jc/,https://github.com/wysin808-dot/seda-website/edit/main/o-level-jc/index.html,o-level-jc/index.html
O-Level 后读 Poly（理工学院）完全指南：ELR2B2、专业选择与升学路径,https://sgeda.org.cn/o-level-poly/,https://github.com/wysin808-dot/seda-website/edit/main/o-level-poly/index.html,o-level-poly/index.html
新加坡 O-Level 课程学校一览与选校指南,https://sgeda.org.cn/o-level-schools/,https://github.com/wysin808-dot/seda-website/edit/main/o-level-schools/index.html,o-level-schools/index.html
A-Level 成绩申请大学完全指南：新加坡、英国、澳洲录取要求,https://sgeda.org.cn/pathway/a-level-to-university/,https://github.com/wysin808-dot/seda-website/edit/main/pathway/a-level-to-university/index.html,pathway/a-level-to-university/index.html
按年龄选新加坡留学路径：8-18 岁各年龄最优方案,https://sgeda.org.cn/pathway/by-age/,https://github.com/wysin808-dot/seda-website/edit/main/pathway/by-age/index.html,pathway/by-age/index.html
中国学生去新加坡升学路径怎么选？家长先看这5条路线,https://sgeda.org.cn/pathway/chinese-students-singapore-pathway/,https://github.com/wysin808-dot/seda-website/edit/main/pathway/chinese-students-singapore-pathway/index.html,pathway/chinese-students-singapore-pathway/index.html
高考成绩申请新加坡大学完全指南：NUS/NTU/SMU 录取要求,https://sgeda.org.cn/pathway/gaokao/,https://github.com/wysin808-dot/seda-website/edit/main/pathway/gaokao/index.html,pathway/gaokao/index.html
中国学生新加坡留学路径全攻略：按年龄、目标选最优方案,https://sgeda.org.cn/pathway/,https://github.com/wysin808-dot/seda-website/edit/main/pathway/index.html,pathway/index.html
NTU 南洋理工大学申请攻略：各课程体系录取要求全解析,https://sgeda.org.cn/pathway/ntu/,https://github.com/wysin808-dot/seda-website/edit/main/pathway/ntu/index.html,pathway/ntu/index.html
NUS 新加坡国立大学申请攻略：各课程体系录取要求全解析,https://sgeda.org.cn/pathway/nus/,https://github.com/wysin808-dot/seda-website/edit/main/pathway/nus/index.html,pathway/nus/index.html
O-Level → Poly AI 升学匹配工具：ELR2B2 计算 & 理工学院课程匹配,https://sgeda.org.cn/pathway/poly-matcher/,https://github.com/wysin808-dot/seda-website/edit/main/pathway/poly-matcher/index.html,pathway/poly-matcher/index.html
新加坡留学 AI 升学规划器：目标大学+年级 → 个性化留学时间表,https://sgeda.org.cn/pathway/study-planner/,https://github.com/wysin808-dot/seda-website/edit/main/pathway/study-planner/index.html,pathway/study-planner/index.html
从中国转入新加坡留学全攻略：各年龄段转学方案详解,https://sgeda.org.cn/pathway/transfer-from-china/,https://github.com/wysin808-dot/seda-website/edit/main/pathway/transfer-from-china/index.html,pathway/transfer-from-china/index.html
新加坡公立大学 AI 升学匹配工具：NUS NTU SMU 录取评估,https://sgeda.org.cn/pathway/university-matcher/,https://github.com/wysin808-dot/seda-website/edit/main/pathway/university-matcher/index.html,pathway/university-matcher/index.html
WACE 成绩申请英国大学完全指南：G5、Russell Group 录取要求,https://sgeda.org.cn/pathway/wace-to-uk/,https://github.com/wysin808-dot/seda-website/edit/main/pathway/wace-to-uk/index.html,pathway/wace-to-uk/index.html
中国学生申请新加坡理工学院完全指南：DAE 流程、高考认可与入学考试,https://sgeda.org.cn/poly/admission/,https://github.com/wysin808-dot/seda-website/edit/main/poly/admission/index.html,poly/admission/index.html
新加坡五大理工学院（Polytechnic）完全指南： | 新加坡择校网,https://sgeda.org.cn/poly/,https://github.com/wysin808-dot/seda-website/edit/main/poly/index.html,poly/index.html
义安理工学院怎么样？Diploma 文凭课程、专业、申请、学费与中国学生指南,https://sgeda.org.cn/poly/np/,https://github.com/wysin808-dot/seda-website/edit/main/poly/np/index.html,poly/np/index.html
南洋理工学院怎么样？Diploma 文凭课程、专业、申请、学费与中国学生指南,https://sgeda.org.cn/poly/nyp/,https://github.com/wysin808-dot/seda-website/edit/main/poly/nyp/index.html,poly/nyp/index.html
共和理工学院怎么样？Diploma 文凭课程、专业、申请、学费与中国学生指南,https://sgeda.org.cn/poly/rp/,https://github.com/wysin808-dot/seda-website/edit/main/poly/rp/index.html,poly/rp/index.html
新加坡理工学院(SP)完整指南：王牌专业、ELR2B2录取分数、学费与中国学生申请路径,https://sgeda.org.cn/poly/sp/,https://github.com/wysin808-dot/seda-website/edit/main/poly/sp/index.html,poly/sp/index.html
淡马锡理工学院怎么样？Diploma 文凭课程、专业、申请、学费与中国学生指南,https://sgeda.org.cn/poly/tp/,https://github.com/wysin808-dot/seda-website/edit/main/poly/tp/index.html,poly/tp/index.html
海军部小学怎么样？Woodlands、PSLE、AEIS与中国学生选校指南,https://sgeda.org.cn/primary-schools/admiralty/,https://github.com/wysin808-dot/seda-website/edit/main/primary-schools/admiralty/index.html,primary-schools/admiralty/index.html
阿末依布拉欣小学怎么样？Yishun、PSLE、AEIS与中国学生选校指南,https://sgeda.org.cn/primary-schools/ahmad-ibrahim/,https://github.com/wysin808-dot/seda-website/edit/main/primary-schools/ahmad-ibrahim/index.html,primary-schools/ahmad-ibrahim/index.html
爱同学校怎么样？Bishan、PSLE、AEIS与中国学生选校指南,https://sgeda.org.cn/primary-schools/ai-tong/,https://github.com/wysin808-dot/seda-website/edit/main/primary-schools/ai-tong/index.html,primary-schools/ai-tong/index.html
亚历山大小学怎么样？Queenstown、PSLE、AEIS与中国学生选校指南,https://sgeda.org.cn/primary-schools/alexandra-primary/,https://github.com/wysin808-dot/seda-website/edit/main/primary-schools/alexandra-primary/index.html,primary-schools/alexandra-primary/index.html
翠苑小学怎么样？Sengkang、PSLE、AEIS与中国学生选校指南,https://sgeda.org.cn/primary-schools/anchor-green/,https://github.com/wysin808-dot/seda-website/edit/main/primary-schools/anchor-green/index.html,primary-schools/anchor-green/index.html
安德逊小学怎么样？Ang Mo Kio、PSLE、AEIS与中国学生选校指南,https://sgeda.org.cn/primary-schools/anderson-primary/,https://github.com/wysin808-dot/seda-website/edit/main/primary-schools/anderson-primary/index.html,primary-schools/anderson-primary/index.html
宏茂桥小学怎么样？Ang Mo Kio、PSLE、AEIS与中国学生选校指南,https://sgeda.org.cn/primary-schools/ang-mo-kio/,https://github.com/wysin808-dot/seda-website/edit/main/primary-schools/ang-mo-kio/index.html,primary-schools/ang-mo-kio/index.html
英华小学怎么样？Bukit Timah、PSLE、AEIS与中国学生选校指南,https://sgeda.org.cn/primary-schools/anglo-chinese-primary/,https://github.com/wysin808-dot/seda-website/edit/main/primary-schools/anglo-chinese-primary/index.html,primary-schools/anglo-chinese-primary/index.html
英华学校（经禧）怎么样？Queenstown、PSLE、AEIS与中国学生选校指南,https://sgeda.org.cn/primary-schools/anglo-chinese-school-junior/,https://github.com/wysin808-dot/seda-website/edit/main/primary-schools/anglo-chinese-school-junior/index.html,primary-schools/anglo-chinese-school-junior/index.html
安善小学怎么样？Ang Mo Kio、PSLE、AEIS与中国学生选校指南,https://sgeda.org.cn/primary-schools/angsana/,https://github.com/wysin808-dot/seda-website/edit/main/primary-schools/angsana/index.html,primary-schools/angsana/index.html
明志小学怎么样？Bukit Panjang、PSLE、AEIS与中国学生选校指南,https://sgeda.org.cn/primary-schools/beacon/,https://github.com/wysin808-dot/seda-website/edit/main/primary-schools/beacon/index.html,primary-schools/beacon/index.html
勿洛绿苑小学怎么样？Bedok、PSLE、AEIS与中国学生选校指南,https://sgeda.org.cn/primary-schools/bedok-green/,https://github.com/wysin808-dot/seda-website/edit/main/primary-schools/bedok-green/index.html,primary-schools/bedok-green/index.html
明地迷亚小学怎么样？Kallang、PSLE、AEIS与中国学生选校指南,https://sgeda.org.cn/primary-schools/bendemeer/,https://github.com/wysin808-dot/seda-website/edit/main/primary-schools/bendemeer/index.html,primary-schools/bendemeer/index.html
布兰雅坡小学怎么样？Bukit Merah、PSLE、AEIS与中国学生选校指南,https://sgeda.org.cn/primary-schools/blangah-rise/,https://github.com/wysin808-dot/seda-website/edit/main/primary-schools/blangah-rise/index.html,primary-schools/blangah-rise/index.html
文礼花园小学怎么样？Jurong West、PSLE、AEIS与中国学生选校指南,https://sgeda.org.cn/primary-schools/boon-lay-garden/,https://github.com/wysin808-dot/seda-website/edit/main/primary-schools/boon-lay-garden/index.html,primary-schools/boon-lay-garden/index.html
武吉班让小学怎么样？Bukit Panjang、PSLE、AEIS与中国学生选校指南,https://sgeda.org.cn/primary-schools/bukit-panjang/,https://github.com/wysin808-dot/seda-website/edit/main/primary-schools/bukit-panjang/index.html,primary-schools/bukit-panjang/index.html
武吉知马小学怎么样？Bukit Timah、PSLE、AEIS与中国学生选校指南,https://sgeda.org.cn/primary-schools/bukit-timah-primary/,https://github.com/wysin808-dot/seda-website/edit/main/primary-schools/bukit-timah-primary/index.html,primary-schools/bukit-timah-primary/index.html
武吉景小学怎么样？Bukit Batok、PSLE、AEIS与中国学生选校指南,https://sgeda.org.cn/primary-schools/bukit-view/,https://github.com/wysin808-dot/seda-website/edit/main/primary-schools/bukit-view/index.html,primary-schools/bukit-view/index.html
坎培拉小学怎么样？Sembawang、PSLE、AEIS与中国学生选校指南,https://sgeda.org.cn/primary-schools/canberra/,https://github.com/wysin808-dot/seda-website/edit/main/primary-schools/canberra/index.html,primary-schools/canberra/index.html
嘉诺撒天主教小学怎么样？Bedok、PSLE、AEIS与中国学生选校指南,https://sgeda.org.cn/primary-schools/canossa-primary/,https://github.com/wysin808-dot/seda-website/edit/main/primary-schools/canossa-primary/index.html,primary-schools/canossa-primary/index.html
贞德小学怎么样？Queenstown、PSLE、AEIS与中国学生选校指南,https://sgeda.org.cn/primary-schools/cantonment/,https://github.com/wysin808-dot/seda-website/edit/main/primary-schools/cantonment/index.html,primary-schools/cantonment/index.html
木麻黄小学怎么样？Tampines、PSLE、AEIS与中国学生选校指南,https://sgeda.org.cn/primary-schools/casuarina/,https://github.com/wysin808-dot/seda-website/edit/main/primary-schools/casuarina/index.html,primary-schools/casuarina/index.html
公教小学怎么样？Bishan、PSLE、AEIS与中国学生选校指南,https://sgeda.org.cn/primary-schools/catholic-high-primary/,https://github.com/wysin808-dot/seda-website/edit/main/primary-schools/catholic-high-primary/index.html,primary-schools/catholic-high-primary/index.html
四德小学怎么样？Toa Payoh、PSLE、AEIS与中国学生选校指南,https://sgeda.org.cn/primary-schools/cedar/,https://github.com/wysin808-dot/seda-website/edit/main/primary-schools/cedar/index.html,primary-schools/cedar/index.html
昌凯小学怎么样？Bukit Merah、PSLE、AEIS与中国学生选校指南,https://sgeda.org.cn/primary-schools/changkat/,https://github.com/wysin808-dot/seda-website/edit/main/primary-schools/changkat/index.html,primary-schools/changkat/index.html
圣婴女校（加东）小学怎么样？Marine Parade、PSLE、AEIS与中国学生选校指南,https://sgeda.org.cn/primary-schools/chij/,https://github.com/wysin808-dot/seda-website/edit/main/primary-schools/chij/index.html,primary-schools/chij/index.html
圣婴女校（基洛）怎么样？Queenstown、PSLE、AEIS与中国学生选校指南,https://sgeda.org.cn/primary-schools/chij-kellock/,https://github.com/wysin808-dot/seda-website/edit/main/primary-schools/chij-kellock/index.html,primary-schools/chij-kellock/index.html
圣婴女校（善导之母）怎么样？Toa Payoh、PSLE、AEIS与中国学生选校指南,https://sgeda.org.cn/primary-schools/chij-our-lady-of-good-counsel/,https://github.com/wysin808-dot/seda-website/edit/main/primary-schools/chij-our-lady-of-good-counsel/index.html,primary-schools/chij-our-lady-of-good-counsel/index.html
圣婴女校（诞生之母）怎么样？Hougang、PSLE、AEIS与中国学生选校指南,https://sgeda.org.cn/primary-schools/chij-our-lady-of-the-nativity/,https://github.com/wysin808-dot/seda-website/edit/main/primary-schools/chij-our-lady-of-the-nativity/index.html,primary-schools/chij-our-lady-of-the-nativity/index.html
圣婴女校（和平之后）怎么样？Bukit Panjang、PSLE、AEIS与中国学生选校指南,https://sgeda.org.cn/primary-schools/chij-our-lady-queen-of-peace/,https://github.com/wysin808-dot/seda-website/edit/main/primary-schools/chij-our-lady-queen-of-peace/index.html,primary-schools/chij-our-lady-queen-of-peace/index.html
圣婴女校（大巴窑）怎么样？Toa Payoh、PSLE、AEIS与中国学生选校指南,https://sgeda.org.cn/primary-schools/chij-primary/,https://github.com/wysin808-dot/seda-website/edit/main/primary-schools/chij-primary/index.html,primary-schools/chij-primary/index.html
圣尼各拉女校小学怎么样？Ang Mo Kio、PSLE、AEIS与中国学生选校指南,https://sgeda.org.cn/primary-schools/chij-st-nicholas-girls-school/,https://github.com/wysin808-dot/seda-website/edit/main/primary-schools/chij-st-nicholas-girls-school/index.html,primary-schools/chij-st-nicholas-girls-school/index.html
崇福学校怎么样？Yishun、PSLE、AEIS与中国学生选校指南,https://sgeda.org.cn/primary-schools/chongfu/,https://github.com/wysin808-dot/seda-website/edit/main/primary-schools/chongfu/index.html,primary-schools/chongfu/index.html
崇正小学怎么样？Tampines、PSLE、AEIS与中国学生选校指南,https://sgeda.org.cn/primary-schools/chongzheng/,https://github.com/wysin808-dot/seda-website/edit/main/primary-schools/chongzheng/index.html,primary-schools/chongzheng/index.html
蔡厝港小学怎么样？Choa Chu Kang、PSLE、AEIS与中国学生选校指南,https://sgeda.org.cn/primary-schools/chua-chu-kang/,https://github.com/wysin808-dot/seda-website/edit/main/primary-schools/chua-chu-kang/index.html,primary-schools/chua-chu-kang/index.html
金文泰小学怎么样？Clementi、PSLE、AEIS与中国学生选校指南,https://sgeda.org.cn/primary-schools/clementi/,https://github.com/wysin808-dot/seda-website/edit/main/primary-schools/clementi/index.html,primary-schools/clementi/index.html
康柏小学怎么样？Sengkang、PSLE、AEIS与中国学生选校指南,https://sgeda.org.cn/primary-schools/compassvale-primary/,https://github.com/wysin808-dot/seda-website/edit/main/primary-schools/compassvale-primary/index.html,primary-schools/compassvale-primary/index.html
康科德小学怎么样？Choa Chu Kang、PSLE、AEIS与中国学生选校指南,https://sgeda.org.cn/primary-schools/concord/,https://github.com/wysin808-dot/seda-website/edit/main/primary-schools/concord/index.html,primary-schools/concord/index.html
公司小学怎么样？Jurong East、PSLE、AEIS与中国学生选校指南,https://sgeda.org.cn/primary-schools/corporation/,https://github.com/wysin808-dot/seda-website/edit/main/primary-schools/corporation/index.html,primary-schools/corporation/index.html
大众小学怎么样？Jurong West、PSLE、AEIS与中国学生选校指南,https://sgeda.org.cn/primary-schools/dazhong/,https://github.com/wysin808-dot/seda-website/edit/main/primary-schools/dazhong/index.html,primary-schools/dazhong/index.html
德拉萨尔学校怎么样？Hougang、PSLE、AEIS与中国学生选校指南,https://sgeda.org.cn/primary-schools/de-la-salle/,https://github.com/wysin808-dot/seda-website/edit/main/primary-schools/de-la-salle/index.html,primary-schools/de-la-salle/index.html
东泉小学怎么样？Tampines、PSLE、AEIS与中国学生选校指南,https://sgeda.org.cn/primary-schools/east-spring/,https://github.com/wysin808-dot/seda-website/edit/main/primary-schools/east-spring/index.html,primary-schools/east-spring/index.html
毅道小学怎么样？Punggol、PSLE、AEIS与中国学生选校指南,https://sgeda.org.cn/primary-schools/edgefield/,https://github.com/wysin808-dot/seda-website/edit/main/primary-schools/edgefield/index.html,primary-schools/edgefield/index.html
以利雅公园小学怎么样？Pasir Ris、PSLE、AEIS与中国学生选校指南,https://sgeda.org.cn/primary-schools/elias-park-primary/,https://github.com/wysin808-dot/seda-website/edit/main/primary-schools/elias-park-primary/index.html,primary-schools/elias-park-primary/index.html
恩得小学怎么样？Jurong West、PSLE、AEIS与中国学生选校指南,https://sgeda.org.cn/primary-schools/endeavour/,https://github.com/wysin808-dot/seda-website/edit/main/primary-schools/endeavour/index.html,primary-schools/endeavour/index.html
常青小学怎么样？Woodlands、PSLE、AEIS与中国学生选校指南,https://sgeda.org.cn/primary-schools/evergreen/,https://github.com/wysin808-dot/seda-website/edit/main/primary-schools/evergreen/index.html,primary-schools/evergreen/index.html
花菲卫理小学怎么样？Queenstown、PSLE、AEIS与中国学生选校指南,https://sgeda.org.cn/primary-schools/fairfield-methodist-primary/,https://github.com/wysin808-dot/seda-website/edit/main/primary-schools/fairfield-methodist-primary/index.html,primary-schools/fairfield-methodist-primary/index.html
花拉公园小学怎么样？Novena、PSLE、AEIS与中国学生选校指南,https://sgeda.org.cn/primary-schools/farrer-park/,https://github.com/wysin808-dot/seda-website/edit/main/primary-schools/farrer-park/index.html,primary-schools/farrer-park/index.html
凤山小学怎么样？Bedok、PSLE、AEIS与中国学生选校指南,https://sgeda.org.cn/primary-schools/fengshan/,https://github.com/wysin808-dot/seda-website/edit/main/primary-schools/fengshan/index.html,primary-schools/fengshan/index.html
蕨绿小学怎么样？Sengkang、PSLE、AEIS与中国学生选校指南,https://sgeda.org.cn/primary-schools/fern-green/,https://github.com/wysin808-dot/seda-website/edit/main/primary-schools/fern-green/index.html,primary-schools/fern-green/index.html
锦泉小学怎么样？Sengkang、PSLE、AEIS与中国学生选校指南,https://sgeda.org.cn/primary-schools/fernvale/,https://github.com/wysin808-dot/seda-website/edit/main/primary-schools/fernvale/index.html,primary-schools/fernvale/index.html
第一大巴窑小学怎么样？Toa Payoh、PSLE、AEIS与中国学生选校指南,https://sgeda.org.cn/primary-schools/first-toa-payoh/,https://github.com/wysin808-dot/seda-website/edit/main/primary-schools/first-toa-payoh/index.html,primary-schools/first-toa-payoh/index.html
先锋小学怎么样？Jurong West、PSLE、AEIS与中国学生选校指南,https://sgeda.org.cn/primary-schools/frontier/,https://github.com/wysin808-dot/seda-website/edit/main/primary-schools/frontier/index.html,primary-schools/frontier/index.html
福春小学怎么样？Woodlands、PSLE、AEIS与中国学生选校指南,https://sgeda.org.cn/primary-schools/fuchun/,https://github.com/wysin808-dot/seda-website/edit/main/primary-schools/fuchun/index.html,primary-schools/fuchun/index.html
辅华小学怎么样？Jurong West、PSLE、AEIS与中国学生选校指南,https://sgeda.org.cn/primary-schools/fuhua/,https://github.com/wysin808-dot/seda-website/edit/main/primary-schools/fuhua/index.html,primary-schools/fuhua/index.html
颜永成小学怎么样？Bukit Merah、PSLE、AEIS与中国学生选校指南,https://sgeda.org.cn/primary-schools/gan-eng-seng/,https://github.com/wysin808-dot/seda-website/edit/main/primary-schools/gan-eng-seng/index.html,primary-schools/gan-eng-seng/index.html
芽笼美以美小学怎么样？Central、PSLE、AEIS与中国学生选校指南,https://sgeda.org.cn/primary-schools/geylang-methodist-school/,https://github.com/wysin808-dot/seda-website/edit/main/primary-schools/geylang-methodist-school/index.html,primary-schools/geylang-methodist-school/index.html
工商小学怎么样？Tampines、PSLE、AEIS与中国学生选校指南,https://sgeda.org.cn/primary-schools/gongshang-primary/,https://github.com/wysin808-dot/seda-website/edit/main/primary-schools/gongshang-primary/index.html,primary-schools/gongshang-primary/index.html
青景小学怎么样？Punggol、PSLE、AEIS与中国学生选校指南,https://sgeda.org.cn/primary-schools/greendale-primary/,https://github.com/wysin808-dot/seda-website/edit/main/primary-schools/greendale-primary/index.html,primary-schools/greendale-primary/index.html
青岭小学怎么样？Bukit Panjang、PSLE、AEIS与中国学生选校指南,https://sgeda.org.cn/primary-schools/greenridge/,https://github.com/wysin808-dot/seda-website/edit/main/primary-schools/greenridge/index.html,primary-schools/greenridge/index.html
绿林小学怎么样？Bukit Panjang、PSLE、AEIS与中国学生选校指南,https://sgeda.org.cn/primary-schools/greenwood/,https://github.com/wysin808-dot/seda-website/edit/main/primary-schools/greenwood/index.html,primary-schools/greenwood/index.html
海格女校怎么样？Geylang、PSLE、AEIS与中国学生选校指南,https://sgeda.org.cn/primary-schools/haig-girls/,https://github.com/wysin808-dot/seda-website/edit/main/primary-schools/haig-girls/index.html,primary-schools/haig-girls/index.html
恒力小学怎么样？Bukit Timah / Holland、PSLE、AEIS与中国学生选校指南,https://sgeda.org.cn/primary-schools/henry-park/,https://github.com/wysin808-dot/seda-website/edit/main/primary-schools/henry-park/index.html,primary-schools/henry-park/index.html
圣婴小学怎么样？Serangoon、PSLE、AEIS与中国学生选校指南,https://sgeda.org.cn/primary-schools/holy-innocents-primary/,https://github.com/wysin808-dot/seda-website/edit/main/primary-schools/holy-innocents-primary/index.html,primary-schools/holy-innocents-primary/index.html
宏文学校怎么样？Kallang、PSLE、AEIS与中国学生选校指南,https://sgeda.org.cn/primary-schools/hong-wen/,https://github.com/wysin808-dot/seda-website/edit/main/primary-schools/hong-wen/index.html,primary-schools/hong-wen/index.html
地平线小学怎么样？Punggol、PSLE、AEIS与中国学生选校指南,https://sgeda.org.cn/primary-schools/horizon/,https://github.com/wysin808-dot/seda-website/edit/main/primary-schools/horizon/index.html,primary-schools/horizon/index.html
后港小学怎么样？Hougang、PSLE、AEIS与中国学生选校指南,https://sgeda.org.cn/primary-schools/hougang/,https://github.com/wysin808-dot/seda-website/edit/main/primary-schools/hougang/index.html,primary-schools/hougang/index.html
华民小学怎么样？Hougang、PSLE、AEIS与中国学生选校指南,https://sgeda.org.cn/primary-schools/huamin/,https://github.com/wysin808-dot/seda-website/edit/main/primary-schools/huamin/index.html,primary-schools/huamin/index.html
新加坡政府小学完全指南：179 所小学排名、学区与选校攻略,https://sgeda.org.cn/primary-schools/,https://github.com/wysin808-dot/seda-website/edit/main/primary-schools/index.html,primary-schools/index.html
创新小学怎么样？Jurong West、PSLE、AEIS与中国学生选校指南,https://sgeda.org.cn/primary-schools/innova/,https://github.com/wysin808-dot/seda-website/edit/main/primary-schools/innova/index.html,primary-schools/innova/index.html
洁明小学怎么样？Sengkang、PSLE、AEIS与中国学生选校指南,https://sgeda.org.cn/primary-schools/jiemin/,https://github.com/wysin808-dot/seda-website/edit/main/primary-schools/jiemin/index.html,primary-schools/jiemin/index.html
景山小学怎么样？Ang Mo Kio、PSLE、AEIS与中国学生选校指南,https://sgeda.org.cn/primary-schools/jing-shan/,https://github.com/wysin808-dot/seda-website/edit/main/primary-schools/jing-shan/index.html,primary-schools/jing-shan/index.html
俊源小学怎么样？Tampines、PSLE、AEIS与中国学生选校指南,https://sgeda.org.cn/primary-schools/junyuan/,https://github.com/wysin808-dot/seda-website/edit/main/primary-schools/junyuan/index.html,primary-schools/junyuan/index.html
裕廊小学怎么样？Jurong East、PSLE、AEIS与中国学生选校指南,https://sgeda.org.cn/primary-schools/jurong-primary/,https://github.com/wysin808-dot/seda-website/edit/main/primary-schools/jurong-primary/index.html,primary-schools/jurong-primary/index.html
裕廊西小学怎么样？Jurong West、PSLE、AEIS与中国学生选校指南,https://sgeda.org.cn/primary-schools/jurong-west/,https://github.com/wysin808-dot/seda-website/edit/main/primary-schools/jurong-west/index.html,primary-schools/jurong-west/index.html
克明小学怎么样？Bukit Batok、PSLE、AEIS与中国学生选校指南,https://sgeda.org.cn/primary-schools/keming/,https://github.com/wysin808-dot/seda-website/edit/main/primary-schools/keming/index.html,primary-schools/keming/index.html
庆成学校怎么样？Queenstown、PSLE、AEIS与中国学生选校指南,https://sgeda.org.cn/primary-schools/kheng-cheng/,https://github.com/wysin808-dot/seda-website/edit/main/primary-schools/kheng-cheng/index.html,primary-schools/kheng-cheng/index.html
光华学校怎么样？Bedok、PSLE、AEIS与中国学生选校指南,https://sgeda.org.cn/primary-schools/kong-hwa/,https://github.com/wysin808-dot/seda-website/edit/main/primary-schools/kong-hwa/index.html,primary-schools/kong-hwa/index.html
国专长老会小学怎么样？Bishan、PSLE、AEIS与中国学生选校指南,https://sgeda.org.cn/primary-schools/kuo-chuan-presbyterian/,https://github.com/wysin808-dot/seda-website/edit/main/primary-schools/kuo-chuan-presbyterian/index.html,primary-schools/kuo-chuan-presbyterian/index.html
湖畔小学怎么样？Jurong West、PSLE、AEIS与中国学生选校指南,https://sgeda.org.cn/primary-schools/lakeside/,https://github.com/wysin808-dot/seda-website/edit/main/primary-schools/lakeside/index.html,primary-schools/lakeside/index.html
联华小学怎么样？Bukit Batok、PSLE、AEIS与中国学生选校指南,https://sgeda.org.cn/primary-schools/lianhua-primary/,https://github.com/wysin808-dot/seda-website/edit/main/primary-schools/lianhua-primary/index.html,primary-schools/lianhua-primary/index.html
菩提学校怎么样？Tampines、PSLE、AEIS与中国学生选校指南,https://sgeda.org.cn/primary-schools/maha-bodhi/,https://github.com/wysin808-dot/seda-website/edit/main/primary-schools/maha-bodhi/index.html,primary-schools/maha-bodhi/index.html
海星中学小学部怎么样？Bedok、PSLE、AEIS与中国学生选校指南,https://sgeda.org.cn/primary-schools/maris-stella-high-primary/,https://github.com/wysin808-dot/seda-website/edit/main/primary-schools/maris-stella-high-primary/index.html,primary-schools/maris-stella-high-primary/index.html
马西岭小学怎么样？Woodlands、PSLE、AEIS与中国学生选校指南,https://sgeda.org.cn/primary-schools/marsiling/,https://github.com/wysin808-dot/seda-website/edit/main/primary-schools/marsiling/index.html,primary-schools/marsiling/index.html
玛丽蒙修道院学校怎么样？Bishan、PSLE、AEIS与中国学生选校指南,https://sgeda.org.cn/primary-schools/marymount-convent/,https://github.com/wysin808-dot/seda-website/edit/main/primary-schools/marymount-convent/index.html,primary-schools/marymount-convent/index.html
美华小学怎么样？Ang Mo Kio、PSLE、AEIS与中国学生选校指南,https://sgeda.org.cn/primary-schools/mayflower-primary/,https://github.com/wysin808-dot/seda-website/edit/main/primary-schools/mayflower-primary/index.html,primary-schools/mayflower-primary/index.html
美桃学校怎么样？Punggol、PSLE、AEIS与中国学生选校指南,https://sgeda.org.cn/primary-schools/mee-toh/,https://github.com/wysin808-dot/seda-website/edit/main/primary-schools/mee-toh/index.html,primary-schools/mee-toh/index.html
美廉小学怎么样？Pasir Ris、PSLE、AEIS与中国学生选校指南,https://sgeda.org.cn/primary-schools/meridian/,https://github.com/wysin808-dot/seda-website/edit/main/primary-schools/meridian/index.html,primary-schools/meridian/index.html
美以美女校小学怎么样？Bukit Timah、PSLE、AEIS与中国学生选校指南,https://sgeda.org.cn/primary-schools/methodist-girls-school/,https://github.com/wysin808-dot/seda-website/edit/main/primary-schools/methodist-girls-school/index.html,primary-schools/methodist-girls-school/index.html
蒙福学校小学部怎么样？Hougang、PSLE、AEIS与中国学生选校指南,https://sgeda.org.cn/primary-schools/montfort-junior/,https://github.com/wysin808-dot/seda-website/edit/main/primary-schools/montfort-junior/index.html,primary-schools/montfort-junior/index.html
南侨小学怎么样？Sengkang、PSLE、AEIS与中国学生选校指南,https://sgeda.org.cn/primary-schools/nan-chiau/,https://github.com/wysin808-dot/seda-website/edit/main/primary-schools/nan-chiau/index.html,primary-schools/nan-chiau/index.html
南华小学怎么样？Clementi、PSLE、AEIS与中国学生选校指南,https://sgeda.org.cn/primary-schools/nan-hua-primary/,https://github.com/wysin808-dot/seda-website/edit/main/primary-schools/nan-hua-primary/index.html,primary-schools/nan-hua-primary/index.html
南洋小学怎么样？Bukit Timah / King's Road、PSLE、AEIS与中国学生选校指南,https://sgeda.org.cn/primary-schools/nanyang-primary/,https://github.com/wysin808-dot/seda-website/edit/main/primary-schools/nanyang-primary/index.html,primary-schools/nanyang-primary/index.html
海军基地小学怎么样？Yishun、PSLE、AEIS与中国学生选校指南,https://sgeda.org.cn/primary-schools/naval-base/,https://github.com/wysin808-dot/seda-website/edit/main/primary-schools/naval-base/index.html,primary-schools/naval-base/index.html
新镇小学怎么样？Queenstown、PSLE、AEIS与中国学生选校指南,https://sgeda.org.cn/primary-schools/new-town/,https://github.com/wysin808-dot/seda-website/edit/main/primary-schools/new-town/index.html,primary-schools/new-town/index.html
义安小学怎么样？Clementi、PSLE、AEIS与中国学生选校指南,https://sgeda.org.cn/primary-schools/ngee-ann/,https://github.com/wysin808-dot/seda-website/edit/main/primary-schools/ngee-ann/index.html,primary-schools/ngee-ann/index.html
北泉小学怎么样？Yishun、PSLE、AEIS与中国学生选校指南,https://sgeda.org.cn/primary-schools/north-spring-primary/,https://github.com/wysin808-dot/seda-website/edit/main/primary-schools/north-spring-primary/index.html,primary-schools/north-spring-primary/index.html
北景小学怎么样？Yishun、PSLE、AEIS与中国学生选校指南,https://sgeda.org.cn/primary-schools/north-view/,https://github.com/wysin808-dot/seda-website/edit/main/primary-schools/north-view/index.html,primary-schools/north-view/index.html
北景小学怎么样？Sengkang、PSLE、AEIS与中国学生选校指南,https://sgeda.org.cn/primary-schools/north-vista/,https://github.com/wysin808-dot/seda-website/edit/main/primary-schools/north-vista/index.html,primary-schools/north-vista/index.html
北地小学怎么样？Yishun、PSLE、AEIS与中国学生选校指南,https://sgeda.org.cn/primary-schools/northland/,https://github.com/wysin808-dot/seda-website/edit/main/primary-schools/northland/index.html,primary-schools/northland/index.html
北橡小学怎么样？Woodlands、PSLE、AEIS与中国学生选校指南,https://sgeda.org.cn/primary-schools/northoaks/,https://github.com/wysin808-dot/seda-website/edit/main/primary-schools/northoaks/index.html,primary-schools/northoaks/index.html
北岸小学怎么样？Punggol、PSLE、AEIS与中国学生选校指南,https://sgeda.org.cn/primary-schools/northshore/,https://github.com/wysin808-dot/seda-website/edit/main/primary-schools/northshore/index.html,primary-schools/northshore/index.html
绿洲小学怎么样？Punggol、PSLE、AEIS与中国学生选校指南,https://sgeda.org.cn/primary-schools/oasis/,https://github.com/wysin808-dot/seda-website/edit/main/primary-schools/oasis/index.html,primary-schools/oasis/index.html
歌剧园小学怎么样？Bedok、PSLE、AEIS与中国学生选校指南,https://sgeda.org.cn/primary-schools/opera-estate/,https://github.com/wysin808-dot/seda-website/edit/main/primary-schools/opera-estate/index.html,primary-schools/opera-estate/index.html
棕榈景小学怎么样？Bukit Panjang、PSLE、AEIS与中国学生选校指南,https://sgeda.org.cn/primary-schools/palm-view/,https://github.com/wysin808-dot/seda-website/edit/main/primary-schools/palm-view/index.html,primary-schools/palm-view/index.html
百景小学怎么样？Sengkang、PSLE、AEIS与中国学生选校指南,https://sgeda.org.cn/primary-schools/park-view/,https://github.com/wysin808-dot/seda-website/edit/main/primary-schools/park-view/index.html,primary-schools/park-view/index.html
巴西立小学怎么样？Pasir Ris、PSLE、AEIS与中国学生选校指南,https://sgeda.org.cn/primary-schools/pasir-ris/,https://github.com/wysin808-dot/seda-website/edit/main/primary-schools/pasir-ris/index.html,primary-schools/pasir-ris/index.html
巴耶利峇美以美女校小学怎么样？Hougang、PSLE、AEIS与中国学生选校指南,https://sgeda.org.cn/primary-schools/paya-lebar-methodist-girls-school/,https://github.com/wysin808-dot/seda-website/edit/main/primary-schools/paya-lebar-methodist-girls-school/index.html,primary-schools/paya-lebar-methodist-girls-school/index.html
培群学校怎么样？Toa Payoh、PSLE、AEIS与中国学生选校指南,https://sgeda.org.cn/primary-schools/pei-chun-public/,https://github.com/wysin808-dot/seda-website/edit/main/primary-schools/pei-chun-public/index.html,primary-schools/pei-chun-public/index.html
培华长老会小学怎么样？Bukit Panjang、PSLE、AEIS与中国学生选校指南,https://sgeda.org.cn/primary-schools/pei-hwa-presbyterian/,https://github.com/wysin808-dot/seda-website/edit/main/primary-schools/pei-hwa-presbyterian/index.html,primary-schools/pei-hwa-presbyterian/index.html
培同小学怎么样？Clementi、PSLE、AEIS与中国学生选校指南,https://sgeda.org.cn/primary-schools/pei-tong/,https://github.com/wysin808-dot/seda-website/edit/main/primary-schools/pei-tong/index.html,primary-schools/pei-tong/index.html
培英小学怎么样？Yishun、PSLE、AEIS与中国学生选校指南,https://sgeda.org.cn/primary-schools/peiying/,https://github.com/wysin808-dot/seda-website/edit/main/primary-schools/peiying/index.html,primary-schools/peiying/index.html
先驱小学怎么样？Jurong West、PSLE、AEIS与中国学生选校指南,https://sgeda.org.cn/primary-schools/pioneer/,https://github.com/wysin808-dot/seda-website/edit/main/primary-schools/pioneer/index.html,primary-schools/pioneer/index.html
培青学校怎么样？Tampines、PSLE、AEIS与中国学生选校指南,https://sgeda.org.cn/primary-schools/poi-ching/,https://github.com/wysin808-dot/seda-website/edit/main/primary-schools/poi-ching/index.html,primary-schools/poi-ching/index.html
伊丽莎白公主小学怎么样？Bukit Batok、PSLE、AEIS与中国学生选校指南,https://sgeda.org.cn/primary-schools/princess-elizabeth-primary/,https://github.com/wysin808-dot/seda-website/edit/main/primary-schools/princess-elizabeth-primary/index.html,primary-schools/princess-elizabeth-primary/index.html
榜鹅湾小学怎么样？Punggol、PSLE、AEIS与中国学生选校指南,https://sgeda.org.cn/primary-schools/punggol-cove/,https://github.com/wysin808-dot/seda-website/edit/main/primary-schools/punggol-cove/index.html,primary-schools/punggol-cove/index.html
榜鹅绿苑小学怎么样？Punggol、PSLE、AEIS与中国学生选校指南,https://sgeda.org.cn/primary-schools/punggol-green/,https://github.com/wysin808-dot/seda-website/edit/main/primary-schools/punggol-green/index.html,primary-schools/punggol-green/index.html
榜鹅小学怎么样？Punggol、PSLE、AEIS与中国学生选校指南,https://sgeda.org.cn/primary-schools/punggol-primary/,https://github.com/wysin808-dot/seda-website/edit/main/primary-schools/punggol-primary/index.html,primary-schools/punggol-primary/index.html
榜鹅景小学怎么样？Punggol、PSLE、AEIS与中国学生选校指南,https://sgeda.org.cn/primary-schools/punggol-view/,https://github.com/wysin808-dot/seda-website/edit/main/primary-schools/punggol-view/index.html,primary-schools/punggol-view/index.html
启发小学怎么样？Queenstown、PSLE、AEIS与中国学生选校指南,https://sgeda.org.cn/primary-schools/qifa/,https://github.com/wysin808-dot/seda-website/edit/main/primary-schools/qifa/index.html,primary-schools/qifa/index.html
启化小学怎么样？Woodlands、PSLE、AEIS与中国学生选校指南,https://sgeda.org.cn/primary-schools/qihua/,https://github.com/wysin808-dot/seda-website/edit/main/primary-schools/qihua/index.html,primary-schools/qihua/index.html
女皇镇小学怎么样？Queenstown、PSLE、AEIS与中国学生选校指南,https://sgeda.org.cn/primary-schools/queenstown/,https://github.com/wysin808-dot/seda-website/edit/main/primary-schools/queenstown/index.html,primary-schools/queenstown/index.html
拉丁马士小学怎么样？Queenstown、PSLE、AEIS与中国学生选校指南,https://sgeda.org.cn/primary-schools/radin-mas/,https://github.com/wysin808-dot/seda-website/edit/main/primary-schools/radin-mas/index.html,primary-schools/radin-mas/index.html
莱佛士女子小学怎么样？Bukit Timah、PSLE、AEIS与中国学生选校指南,https://sgeda.org.cn/primary-schools/raffles-girls-primary/,https://github.com/wysin808-dot/seda-website/edit/main/primary-schools/raffles-girls-primary/index.html,primary-schools/raffles-girls-primary/index.html
卍慈学校怎么样？Bedok、PSLE、AEIS与中国学生选校指南,https://sgeda.org.cn/primary-schools/red-swastika/,https://github.com/wysin808-dot/seda-website/edit/main/primary-schools/red-swastika/index.html,primary-schools/red-swastika/index.html
立化小学怎么样？Queenstown、PSLE、AEIS与中国学生选校指南,https://sgeda.org.cn/primary-schools/river-valley-primary/,https://github.com/wysin808-dot/seda-website/edit/main/primary-schools/river-valley-primary/index.html,primary-schools/river-valley-primary/index.html
河畔小学怎么样？Woodlands、PSLE、AEIS与中国学生选校指南,https://sgeda.org.cn/primary-schools/riverside/,https://github.com/wysin808-dot/seda-website/edit/main/primary-schools/riverside/index.html,primary-schools/riverside/index.html
河谷小学怎么样？Sengkang、PSLE、AEIS与中国学生选校指南,https://sgeda.org.cn/primary-schools/rivervale/,https://github.com/wysin808-dot/seda-website/edit/main/primary-schools/rivervale/index.html,primary-schools/rivervale/index.html
乐赛学校怎么样？Serangoon、PSLE、AEIS与中国学生选校指南,https://sgeda.org.cn/primary-schools/rosyth/,https://github.com/wysin808-dot/seda-website/edit/main/primary-schools/rosyth/index.html,primary-schools/rosyth/index.html
如兰小学怎么样？Jurong West、PSLE、AEIS与中国学生选校指南,https://sgeda.org.cn/primary-schools/rulang/,https://github.com/wysin808-dot/seda-website/edit/main/primary-schools/rulang/index.html,primary-schools/rulang/index.html
三巴旺小学怎么样？Sembawang、PSLE、AEIS与中国学生选校指南,https://sgeda.org.cn/primary-schools/sembawang/,https://github.com/wysin808-dot/seda-website/edit/main/primary-schools/sembawang/index.html,primary-schools/sembawang/index.html
盛港绿苑小学怎么样？Sengkang、PSLE、AEIS与中国学生选校指南,https://sgeda.org.cn/primary-schools/sengkang-green/,https://github.com/wysin808-dot/seda-website/edit/main/primary-schools/sengkang-green/index.html,primary-schools/sengkang-green/index.html
盛港小学怎么样？Sengkang、PSLE、AEIS与中国学生选校指南,https://sgeda.org.cn/primary-schools/sengkang-primary/,https://github.com/wysin808-dot/seda-website/edit/main/primary-schools/sengkang-primary/index.html,primary-schools/sengkang-primary/index.html
淑群小学怎么样？Jurong West、PSLE、AEIS与中国学生选校指南,https://sgeda.org.cn/primary-schools/shuqun/,https://github.com/wysin808-dot/seda-website/edit/main/primary-schools/shuqun/index.html,primary-schools/shuqun/index.html
思励小学怎么样？Woodlands、PSLE、AEIS与中国学生选校指南,https://sgeda.org.cn/primary-schools/si-ling/,https://github.com/wysin808-dot/seda-website/edit/main/primary-schools/si-ling/index.html,primary-schools/si-ling/index.html
新加坡华族女校小学怎么样？Novena、PSLE、AEIS与中国学生选校指南,https://sgeda.org.cn/primary-schools/singapore-chinese-girls-school/,https://github.com/wysin808-dot/seda-website/edit/main/primary-schools/singapore-chinese-girls-school/index.html,primary-schools/singapore-chinese-girls-school/index.html
南景小学怎么样？Jurong West、PSLE、AEIS与中国学生选校指南,https://sgeda.org.cn/primary-schools/south-view-primary/,https://github.com/wysin808-dot/seda-website/edit/main/primary-schools/south-view-primary/index.html,primary-schools/south-view-primary/index.html
春田小学怎么样？Bukit Panjang、PSLE、AEIS与中国学生选校指南,https://sgeda.org.cn/primary-schools/springdale/,https://github.com/wysin808-dot/seda-website/edit/main/primary-schools/springdale/index.html,primary-schools/springdale/index.html
圣安德烈小学怎么样？Toa Payoh、PSLE、AEIS与中国学生选校指南,https://sgeda.org.cn/primary-schools/st-andrew-s-junior/,https://github.com/wysin808-dot/seda-website/edit/main/primary-schools/st-andrew-s-junior/index.html,primary-schools/st-andrew-s-junior/index.html
圣安东尼小学怎么样？Woodlands、PSLE、AEIS与中国学生选校指南,https://sgeda.org.cn/primary-schools/st-anthony-s/,https://github.com/wysin808-dot/seda-website/edit/main/primary-schools/st-anthony-s/index.html,primary-schools/st-anthony-s/index.html
圣安东尼天主教小学怎么样？Bedok、PSLE、AEIS与中国学生选校指南,https://sgeda.org.cn/primary-schools/st-anthony-s-canossian/,https://github.com/wysin808-dot/seda-website/edit/main/primary-schools/st-anthony-s-canossian/index.html,primary-schools/st-anthony-s-canossian/index.html
圣嘉百利小学怎么样？Serangoon、PSLE、AEIS与中国学生选校指南,https://sgeda.org.cn/primary-schools/st-gabriel-s/,https://github.com/wysin808-dot/seda-website/edit/main/primary-schools/st-gabriel-s/index.html,primary-schools/st-gabriel-s/index.html
圣希尔达小学怎么样？Tampines、PSLE、AEIS与中国学生选校指南,https://sgeda.org.cn/primary-schools/st-hildas-primary/,https://github.com/wysin808-dot/seda-website/edit/main/primary-schools/st-hildas-primary/index.html,primary-schools/st-hildas-primary/index.html
圣约瑟书院小学怎么样？Novena、PSLE、AEIS与中国学生选校指南,https://sgeda.org.cn/primary-schools/st-joseph-s-institution-junior/,https://github.com/wysin808-dot/seda-website/edit/main/primary-schools/st-joseph-s-institution-junior/index.html,primary-schools/st-joseph-s-institution-junior/index.html
圣玛格烈小学怎么样？Queenstown、PSLE、AEIS与中国学生选校指南,https://sgeda.org.cn/primary-schools/st-margarets-primary/,https://github.com/wysin808-dot/seda-website/edit/main/primary-schools/st-margarets-primary/index.html,primary-schools/st-margarets-primary/index.html
圣斯特芬学校怎么样？Bedok、PSLE、AEIS与中国学生选校指南,https://sgeda.org.cn/primary-schools/st-stephen-s/,https://github.com/wysin808-dot/seda-website/edit/main/primary-schools/st-stephen-s/index.html,primary-schools/st-stephen-s/index.html
淡滨尼小学怎么样？Tampines、PSLE、AEIS与中国学生选校指南,https://sgeda.org.cn/primary-schools/tampines/,https://github.com/wysin808-dot/seda-website/edit/main/primary-schools/tampines/index.html,primary-schools/tampines/index.html
淡滨尼北小学怎么样？Tampines、PSLE、AEIS与中国学生选校指南,https://sgeda.org.cn/primary-schools/tampines-north/,https://github.com/wysin808-dot/seda-website/edit/main/primary-schools/tampines-north/index.html,primary-schools/tampines-north/index.html
丹绒加东小学怎么样？Marine Parade、PSLE、AEIS与中国学生选校指南,https://sgeda.org.cn/primary-schools/tanjong-katong-primary/,https://github.com/wysin808-dot/seda-website/edit/main/primary-schools/tanjong-katong-primary/index.html,primary-schools/tanjong-katong-primary/index.html
道南学校怎么样？Marine Parade、PSLE、AEIS与中国学生选校指南,https://sgeda.org.cn/primary-schools/tao-nan/,https://github.com/wysin808-dot/seda-website/edit/main/primary-schools/tao-nan/index.html,primary-schools/tao-nan/index.html
德义小学怎么样？Ang Mo Kio、PSLE、AEIS与中国学生选校指南,https://sgeda.org.cn/primary-schools/teck-ghee/,https://github.com/wysin808-dot/seda-website/edit/main/primary-schools/teck-ghee/index.html,primary-schools/teck-ghee/index.html
德惠小学怎么样？Choa Chu Kang、PSLE、AEIS与中国学生选校指南,https://sgeda.org.cn/primary-schools/teck-whye/,https://github.com/wysin808-dot/seda-website/edit/main/primary-schools/teck-whye/index.html,primary-schools/teck-whye/index.html
直落古楼小学怎么样？Bedok、PSLE、AEIS与中国学生选校指南,https://sgeda.org.cn/primary-schools/telok-kurau/,https://github.com/wysin808-dot/seda-website/edit/main/primary-schools/telok-kurau/index.html,primary-schools/telok-kurau/index.html
淡马锡小学怎么样？Bedok、PSLE、AEIS与中国学生选校指南,https://sgeda.org.cn/primary-schools/temasek-primary/,https://github.com/wysin808-dot/seda-website/edit/main/primary-schools/temasek-primary/index.html,primary-schools/temasek-primary/index.html
友诺小学怎么样？Choa Chu Kang、PSLE、AEIS与中国学生选校指南,https://sgeda.org.cn/primary-schools/unity/,https://github.com/wysin808-dot/seda-website/edit/main/primary-schools/unity/index.html,primary-schools/unity/index.html
勇毅小学怎么样？Punggol、PSLE、AEIS与中国学生选校指南,https://sgeda.org.cn/primary-schools/valour/,https://github.com/wysin808-dot/seda-website/edit/main/primary-schools/valour/index.html,primary-schools/valour/index.html
水道小学怎么样？Punggol、PSLE、AEIS与中国学生选校指南,https://sgeda.org.cn/primary-schools/waterway/,https://github.com/wysin808-dot/seda-website/edit/main/primary-schools/waterway/index.html,primary-schools/waterway/index.html
威灵顿小学怎么样？Pasir Ris、PSLE、AEIS与中国学生选校指南,https://sgeda.org.cn/primary-schools/wellington/,https://github.com/wysin808-dot/seda-website/edit/main/primary-schools/wellington/index.html,primary-schools/wellington/index.html
西丛小学怎么样？Jurong West、PSLE、AEIS与中国学生选校指南,https://sgeda.org.cn/primary-schools/west-grove/,https://github.com/wysin808-dot/seda-website/edit/main/primary-schools/west-grove/index.html,primary-schools/west-grove/index.html
西泉小学怎么样？Bukit Panjang、PSLE、AEIS与中国学生选校指南,https://sgeda.org.cn/primary-schools/west-spring-primary/,https://github.com/wysin808-dot/seda-website/edit/main/primary-schools/west-spring-primary/index.html,primary-schools/west-spring-primary/index.html
西景小学怎么样？Bukit Batok、PSLE、AEIS与中国学生选校指南,https://sgeda.org.cn/primary-schools/west-view/,https://github.com/wysin808-dot/seda-website/edit/main/primary-schools/west-view/index.html,primary-schools/west-view/index.html
西林小学怎么样？Jurong West、PSLE、AEIS与中国学生选校指南,https://sgeda.org.cn/primary-schools/westwood/,https://github.com/wysin808-dot/seda-website/edit/main/primary-schools/westwood/index.html,primary-schools/westwood/index.html
白沙小学怎么样？Pasir Ris、PSLE、AEIS与中国学生选校指南,https://sgeda.org.cn/primary-schools/white-sands/,https://github.com/wysin808-dot/seda-website/edit/main/primary-schools/white-sands/index.html,primary-schools/white-sands/index.html
林景小学怎么样？Woodlands、PSLE、AEIS与中国学生选校指南,https://sgeda.org.cn/primary-schools/woodgrove/,https://github.com/wysin808-dot/seda-website/edit/main/primary-schools/woodgrove/index.html,primary-schools/woodgrove/index.html
兀兰小学怎么样？Woodlands、PSLE、AEIS与中国学生选校指南,https://sgeda.org.cn/primary-schools/woodlands-primary/,https://github.com/wysin808-dot/seda-website/edit/main/primary-schools/woodlands-primary/index.html,primary-schools/woodlands-primary/index.html
兀兰环小学怎么样？Woodlands、PSLE、AEIS与中国学生选校指南,https://sgeda.org.cn/primary-schools/woodlands-ring/,https://github.com/wysin808-dot/seda-website/edit/main/primary-schools/woodlands-ring/index.html,primary-schools/woodlands-ring/index.html
兴化小学怎么样？Punggol、PSLE、AEIS与中国学生选校指南,https://sgeda.org.cn/primary-schools/xinghua-primary/,https://github.com/wysin808-dot/seda-website/edit/main/primary-schools/xinghua-primary/index.html,primary-schools/xinghua-primary/index.html
兴南小学怎么样？Jurong West、PSLE、AEIS与中国学生选校指南,https://sgeda.org.cn/primary-schools/xingnan/,https://github.com/wysin808-dot/seda-website/edit/main/primary-schools/xingnan/index.html,primary-schools/xingnan/index.html
新民小学怎么样？Hougang、PSLE、AEIS与中国学生选校指南,https://sgeda.org.cn/primary-schools/xinmin-primary/,https://github.com/wysin808-dot/seda-website/edit/main/primary-schools/xinmin-primary/index.html,primary-schools/xinmin-primary/index.html
西山小学怎么样？Choa Chu Kang、PSLE、AEIS与中国学生选校指南,https://sgeda.org.cn/primary-schools/xishan/,https://github.com/wysin808-dot/seda-website/edit/main/primary-schools/xishan/index.html,primary-schools/xishan/index.html
养正小学怎么样？Ang Mo Kio、PSLE、AEIS与中国学生选校指南,https://sgeda.org.cn/primary-schools/yangzheng/,https://github.com/wysin808-dot/seda-website/edit/main/primary-schools/yangzheng/index.html,primary-schools/yangzheng/index.html
油池小学怎么样？Choa Chu Kang、PSLE、AEIS与中国学生选校指南,https://sgeda.org.cn/primary-schools/yew-tee/,https://github.com/wysin808-dot/seda-website/edit/main/primary-schools/yew-tee/index.html,primary-schools/yew-tee/index.html
杨厝港小学怎么样？Ang Mo Kio、PSLE、AEIS与中国学生选校指南,https://sgeda.org.cn/primary-schools/yio-chu-kang/,https://github.com/wysin808-dot/seda-website/edit/main/primary-schools/yio-chu-kang/index.html,primary-schools/yio-chu-kang/index.html
义顺小学怎么样？Yishun、PSLE、AEIS与中国学生选校指南,https://sgeda.org.cn/primary-schools/yishun/,https://github.com/wysin808-dot/seda-website/edit/main/primary-schools/yishun/index.html,primary-schools/yishun/index.html
育能小学怎么样？Jurong West、PSLE、AEIS与中国学生选校指南,https://sgeda.org.cn/primary-schools/yu-neng/,https://github.com/wysin808-dot/seda-website/edit/main/primary-schools/yu-neng/index.html,primary-schools/yu-neng/index.html
裕华小学怎么样？Jurong East、PSLE、AEIS与中国学生选校指南,https://sgeda.org.cn/primary-schools/yuhua/,https://github.com/wysin808-dot/seda-website/edit/main/primary-schools/yuhua/index.html,primary-schools/yuhua/index.html
裕民小学怎么样？Ang Mo Kio、PSLE、AEIS与中国学生选校指南,https://sgeda.org.cn/primary-schools/yumin-primary/,https://github.com/wysin808-dot/seda-website/edit/main/primary-schools/yumin-primary/index.html,primary-schools/yumin-primary/index.html
彰德小学怎么样？Ang Mo Kio、PSLE、AEIS与中国学生选校指南,https://sgeda.org.cn/primary-schools/zhangde-primary/,https://github.com/wysin808-dot/seda-website/edit/main/primary-schools/zhangde-primary/index.html,primary-schools/zhangde-primary/index.html
正华小学怎么样？Bukit Panjang、PSLE、AEIS与中国学生选校指南,https://sgeda.org.cn/primary-schools/zhenghua/,https://github.com/wysin808-dot/seda-website/edit/main/primary-schools/zhenghua/index.html,primary-schools/zhenghua/index.html
中华小学怎么样？Serangoon、PSLE、AEIS与中国学生选校指南,https://sgeda.org.cn/primary-schools/zhonghua/,https://github.com/wysin808-dot/seda-website/edit/main/primary-schools/zhonghua/index.html,primary-schools/zhonghua/index.html
Amity Global Institute怎么样？课程、学费与申请指南,https://sgeda.org.cn/private-schools/amity-global-institute/,https://github.com/wysin808-dot/seda-website/edit/main/private-schools/amity-global-institute/index.html,private-schools/amity-global-institute/index.html
BCI Brentvale College International,https://sgeda.org.cn/private-schools/bci/,https://github.com/wysin808-dot/seda-website/edit/main/private-schools/bci/index.html,private-schools/bci/index.html
BCI 博林国际学校怎么样？课程、学费与申请指南,https://sgeda.org.cn/private-schools/brentvale-college-international/,https://github.com/wysin808-dot/seda-website/edit/main/private-schools/brentvale-college-international/index.html,private-schools/brentvale-college-international/index.html
科廷大学新加坡校区怎么样？课程、学费与申请指南,https://sgeda.org.cn/private-schools/curtin-singapore/,https://github.com/wysin808-dot/seda-website/edit/main/private-schools/curtin-singapore/index.html,private-schools/curtin-singapore/index.html
博伟国际教育学院怎么样？课程、学费与申请指南,https://sgeda.org.cn/private-schools/dimensions-international/,https://github.com/wysin808-dot/seda-website/edit/main/private-schools/dimensions-international/index.html,private-schools/dimensions-international/index.html
ERC Institute怎么样？课程、学费与申请指南,https://sgeda.org.cn/private-schools/erc-institute/,https://github.com/wysin808-dot/seda-website/edit/main/private-schools/erc-institute/index.html,private-schools/erc-institute/index.html
辅仁国际学校怎么样？课程、学费与申请指南,https://sgeda.org.cn/private-schools/furen-international/,https://github.com/wysin808-dot/seda-website/edit/main/private-schools/furen-international/index.html,private-schools/furen-international/index.html
新加坡主流私立学校名单：SIM、Kaplan、PSB、MDIS、JCU 与私立大学路径,https://sgeda.org.cn/private-schools/,https://github.com/wysin808-dot/seda-website/edit/main/private-schools/index.html,private-schools/index.html
Insworld 学院怎么样？课程、学费与申请指南,https://sgeda.org.cn/private-schools/insworld-institute/,https://github.com/wysin808-dot/seda-website/edit/main/private-schools/insworld-institute/index.html,private-schools/insworld-institute/index.html
詹姆斯库克大学新加坡校区怎么样？课程、学费与申请指南,https://sgeda.org.cn/private-schools/jcu-singapore/,https://github.com/wysin808-dot/seda-website/edit/main/private-schools/jcu-singapore/index.html,private-schools/jcu-singapore/index.html
Kaplan 新加坡怎么样？课程、学费与申请指南,https://sgeda.org.cn/private-schools/kaplan/,https://github.com/wysin808-dot/seda-website/edit/main/private-schools/kaplan/index.html,private-schools/kaplan/index.html
伦敦商业金融学院新加坡校区 LSBF怎么样？课程、学费与申请指南,https://sgeda.org.cn/private-schools/lsbf-singapore/,https://github.com/wysin808-dot/seda-website/edit/main/private-schools/lsbf-singapore/index.html,private-schools/lsbf-singapore/index.html
新加坡管理发展学院 MDIS怎么样？课程、学费与申请指南,https://sgeda.org.cn/private-schools/mdis/,https://github.com/wysin808-dot/seda-website/edit/main/private-schools/mdis/index.html,private-schools/mdis/index.html
PSB Academy怎么样？课程、学费与申请指南,https://sgeda.org.cn/private-schools/psb-academy/,https://github.com/wysin808-dot/seda-website/edit/main/private-schools/psb-academy/index.html,private-schools/psb-academy/index.html
莱佛士高等教育学院怎么样？课程、学费与申请指南,https://sgeda.org.cn/private-schools/raffles-college-higher-education/,https://github.com/wysin808-dot/seda-website/edit/main/private-schools/raffles-college-higher-education/index.html,private-schools/raffles-college-higher-education/index.html
三育中小学怎么样？课程、学费与申请指南,https://sgeda.org.cn/private-schools/san-yu-adventist/,https://github.com/wysin808-dot/seda-website/edit/main/private-schools/san-yu-adventist/index.html,private-schools/san-yu-adventist/index.html
莎顿国际学院怎么样？课程、学费与申请指南,https://sgeda.org.cn/private-schools/shelton-college/,https://github.com/wysin808-dot/seda-website/edit/main/private-schools/shelton-college/index.html,private-schools/shelton-college/index.html
新加坡管理学院 SIM怎么样？课程、学费与申请指南,https://sgeda.org.cn/private-schools/sim/,https://github.com/wysin808-dot/seda-website/edit/main/private-schools/sim/index.html,private-schools/sim/index.html
圣法兰西斯卫理学校怎么样？课程、学费与申请指南,https://sgeda.org.cn/private-schools/st-francis-methodist/,https://github.com/wysin808-dot/seda-website/edit/main/private-schools/st-francis-methodist/index.html,private-schools/st-francis-methodist/index.html
TMC Academy怎么样？课程、学费与申请指南,https://sgeda.org.cn/private-schools/tmc-academy/,https://github.com/wysin808-dot/seda-website/edit/main/private-schools/tmc-academy/index.html,private-schools/tmc-academy/index.html
Curtin 科廷大学新加坡完全指南：QS #176 直属校区、中留服认可,https://sgeda.org.cn/private-university/curtin/,https://github.com/wysin808-dot/seda-website/edit/main/private-university/curtin/index.html,private-university/curtin/index.html
新加坡私立大学完全指南：SIM、Kaplan、PSB、JCU、Curtin 对比与推荐,https://sgeda.org.cn/private-university/,https://github.com/wysin808-dot/seda-website/edit/main/private-university/index.html,private-university/index.html
JCU 新加坡完全指南：澳洲名校直属校区、中留服认可、心理学王牌,https://sgeda.org.cn/private-university/jcu/,https://github.com/wysin808-dot/seda-website/edit/main/private-university/jcu/index.html,private-university/jcu/index.html
Kaplan 新加坡完全指南：全球教育品牌、灵活学制与合作学位,https://sgeda.org.cn/private-university/kaplan/,https://github.com/wysin808-dot/seda-website/edit/main/private-university/kaplan/index.html,private-university/kaplan/index.html
MDIS 管理发展学院完全指南：新加坡历史最久私立院校、自有校园与宿舍,https://sgeda.org.cn/private-university/mdis/,https://github.com/wysin808-dot/seda-website/edit/main/private-university/mdis/index.html,private-university/mdis/index.html
PSB Academy 完全指南：STEM 导向、纽卡斯尔大学合作工程与 IT,https://sgeda.org.cn/private-university/psb/,https://github.com/wysin808-dot/seda-website/edit/main/private-university/psb/index.html,private-university/psb/index.html
SIM 新加坡管理学院完全指南：伦敦大学、伯明翰大学合作学位,https://sgeda.org.cn/private-university/sim/,https://github.com/wysin808-dot/seda-website/edit/main/private-university/sim/index.html,private-university/sim/index.html
新加坡学校数据库：按课程、类型与学费筛选,https://sgeda.org.cn/school-database/,https://github.com/wysin808-dot/seda-website/edit/main/school-database/index.html,school-database/index.html
站内搜索,https://sgeda.org.cn/search/,https://github.com/wysin808-dot/seda-website/edit/main/search/index.html,search/index.html
英华学校（巴克路）怎么样？Novena、O-Level/IP、COP与中国学生选校指南,https://sgeda.org.cn/secondary-schools/acs-barker-road/,https://github.com/wysin808-dot/seda-website/edit/main/secondary-schools/acs-barker-road/index.html,secondary-schools/acs-barker-road/index.html
海军部中学怎么样？Woodlands、O-Level/IP、COP与中国学生选校指南,https://sgeda.org.cn/secondary-schools/admiralty/,https://github.com/wysin808-dot/seda-website/edit/main/secondary-schools/admiralty/index.html,secondary-schools/admiralty/index.html
阿末依布拉欣中学怎么样？Yishun、O-Level/IP、COP与中国学生选校指南,https://sgeda.org.cn/secondary-schools/ahmad-ibrahim/,https://github.com/wysin808-dot/seda-website/edit/main/secondary-schools/ahmad-ibrahim/index.html,secondary-schools/ahmad-ibrahim/index.html
安德逊中学怎么样？Ang Mo Kio、O-Level/IP、COP与中国学生选校指南,https://sgeda.org.cn/secondary-schools/anderson/,https://github.com/wysin808-dot/seda-website/edit/main/secondary-schools/anderson/index.html,secondary-schools/anderson/index.html
宏茂桥中学怎么样？Ang Mo Kio、O-Level/IP、COP与中国学生选校指南,https://sgeda.org.cn/secondary-schools/ang-mo-kio/,https://github.com/wysin808-dot/seda-website/edit/main/secondary-schools/ang-mo-kio/index.html,secondary-schools/ang-mo-kio/index.html
圣公会中学怎么样？Bedok、O-Level/IP、COP与中国学生选校指南,https://sgeda.org.cn/secondary-schools/anglican-high-school/,https://github.com/wysin808-dot/seda-website/edit/main/secondary-schools/anglican-high-school/index.html,secondary-schools/anglican-high-school/index.html
英华自主中学怎么样？Dover、O-Level/IP、COP与中国学生选校指南,https://sgeda.org.cn/secondary-schools/anglo-chinese-independent/,https://github.com/wysin808-dot/seda-website/edit/main/secondary-schools/anglo-chinese-independent/index.html,secondary-schools/anglo-chinese-independent/index.html
阿桑普申英校怎么样？Bukit Panjang、O-Level/IP、COP与中国学生选校指南,https://sgeda.org.cn/secondary-schools/assumption-english/,https://github.com/wysin808-dot/seda-website/edit/main/secondary-schools/assumption-english/index.html,secondary-schools/assumption-english/index.html
阿桑普申道路学校怎么样？Bukit Panjang、O-Level/IP、COP与中国学生选校指南,https://sgeda.org.cn/secondary-schools/assumption-pathway/,https://github.com/wysin808-dot/seda-website/edit/main/secondary-schools/assumption-pathway/index.html,secondary-schools/assumption-pathway/index.html
巴特利中学怎么样？Toa Payoh、O-Level/IP、COP与中国学生选校指南,https://sgeda.org.cn/secondary-schools/bartley/,https://github.com/wysin808-dot/seda-website/edit/main/secondary-schools/bartley/index.html,secondary-schools/bartley/index.html
碧蒂中学怎么样？Toa Payoh、O-Level/IP、COP与中国学生选校指南,https://sgeda.org.cn/secondary-schools/beatty/,https://github.com/wysin808-dot/seda-website/edit/main/secondary-schools/beatty/index.html,secondary-schools/beatty/index.html
勿洛绿苑中学怎么样？Bedok、O-Level/IP、COP与中国学生选校指南,https://sgeda.org.cn/secondary-schools/bedok-green/,https://github.com/wysin808-dot/seda-website/edit/main/secondary-schools/bedok-green/index.html,secondary-schools/bedok-green/index.html
勿洛南中学怎么样？Bedok、O-Level/IP、COP与中国学生选校指南,https://sgeda.org.cn/secondary-schools/bedok-south/,https://github.com/wysin808-dot/seda-website/edit/main/secondary-schools/bedok-south/index.html,secondary-schools/bedok-south/index.html
勿洛景中学怎么样？Bedok、O-Level/IP、COP与中国学生选校指南,https://sgeda.org.cn/secondary-schools/bedok-view/,https://github.com/wysin808-dot/seda-website/edit/main/secondary-schools/bedok-view/index.html,secondary-schools/bedok-view/index.html
明地迷亚中学怎么样？Kallang、O-Level/IP、COP与中国学生选校指南,https://sgeda.org.cn/secondary-schools/bendemeer/,https://github.com/wysin808-dot/seda-website/edit/main/secondary-schools/bendemeer/index.html,secondary-schools/bendemeer/index.html
文礼中学怎么样？Jurong West、O-Level/IP、COP与中国学生选校指南,https://sgeda.org.cn/secondary-schools/boon-lay/,https://github.com/wysin808-dot/seda-website/edit/main/secondary-schools/boon-lay/index.html,secondary-schools/boon-lay/index.html
博文中学怎么样？Hougang、O-Level/IP、COP与中国学生选校指南,https://sgeda.org.cn/secondary-schools/bowen/,https://github.com/wysin808-dot/seda-website/edit/main/secondary-schools/bowen/index.html,secondary-schools/bowen/index.html
博雅中学怎么样？Geylang、O-Level/IP、COP与中国学生选校指南,https://sgeda.org.cn/secondary-schools/broadrick/,https://github.com/wysin808-dot/seda-website/edit/main/secondary-schools/broadrick/index.html,secondary-schools/broadrick/index.html
武吉巴督中学怎么样？Bukit Batok、O-Level/IP、COP与中国学生选校指南,https://sgeda.org.cn/secondary-schools/bukit-batok/,https://github.com/wysin808-dot/seda-website/edit/main/secondary-schools/bukit-batok/index.html,secondary-schools/bukit-batok/index.html
红山中学怎么样？Bukit Merah、O-Level/IP、COP与中国学生选校指南,https://sgeda.org.cn/secondary-schools/bukit-merah/,https://github.com/wysin808-dot/seda-website/edit/main/secondary-schools/bukit-merah/index.html,secondary-schools/bukit-merah/index.html
武吉班让政府中学怎么样？Bukit Panjang、O-Level/IP、COP与中国学生选校指南,https://sgeda.org.cn/secondary-schools/bukit-panjang-govt-high/,https://github.com/wysin808-dot/seda-website/edit/main/secondary-schools/bukit-panjang-govt-high/index.html,secondary-schools/bukit-panjang-govt-high/index.html
武吉景中学怎么样？Bukit Batok、O-Level/IP、COP与中国学生选校指南,https://sgeda.org.cn/secondary-schools/bukit-view/,https://github.com/wysin808-dot/seda-website/edit/main/secondary-schools/bukit-view/index.html,secondary-schools/bukit-view/index.html
坎培拉中学怎么样？Sembawang、O-Level/IP、COP与中国学生选校指南,https://sgeda.org.cn/secondary-schools/canberra/,https://github.com/wysin808-dot/seda-website/edit/main/secondary-schools/canberra/index.html,secondary-schools/canberra/index.html
公教中学怎么样？Bishan、O-Level/IP、COP与中国学生选校指南,https://sgeda.org.cn/secondary-schools/catholic-high/,https://github.com/wysin808-dot/seda-website/edit/main/secondary-schools/catholic-high/index.html,secondary-schools/catholic-high/index.html
四德女子中学怎么样？Toa Payoh、O-Level/IP、COP与中国学生选校指南,https://sgeda.org.cn/secondary-schools/cedar-girls/,https://github.com/wysin808-dot/seda-website/edit/main/secondary-schools/cedar-girls/index.html,secondary-schools/cedar-girls/index.html
樟迪中学怎么样？Tampines、O-Level/IP、COP与中国学生选校指南,https://sgeda.org.cn/secondary-schools/changkat-changi/,https://github.com/wysin808-dot/seda-website/edit/main/secondary-schools/changkat-changi/index.html,secondary-schools/changkat-changi/index.html
圣婴女校（加东）怎么样？Marine Parade、O-Level/IP、COP与中国学生选校指南,https://sgeda.org.cn/secondary-schools/chij-katong-convent/,https://github.com/wysin808-dot/seda-website/edit/main/secondary-schools/chij-katong-convent/index.html,secondary-schools/chij-katong-convent/index.html
圣婴女校（圣约瑟）怎么样？Sengkang、O-Level/IP、COP与中国学生选校指南,https://sgeda.org.cn/secondary-schools/chij-st-josephs-convent/,https://github.com/wysin808-dot/seda-website/edit/main/secondary-schools/chij-st-josephs-convent/index.html,secondary-schools/chij-st-josephs-convent/index.html
圣尼各拉女校怎么样？Ang Mo Kio、O-Level/IP、COP与中国学生选校指南,https://sgeda.org.cn/secondary-schools/chij-st-nicholas/,https://github.com/wysin808-dot/seda-website/edit/main/secondary-schools/chij-st-nicholas/index.html,secondary-schools/chij-st-nicholas/index.html
圣婴女校（圣德肋撒）怎么样？Bukit Merah、O-Level/IP、COP与中国学生选校指南,https://sgeda.org.cn/secondary-schools/chij-st-theresas-convent/,https://github.com/wysin808-dot/seda-website/edit/main/secondary-schools/chij-st-theresas-convent/index.html,secondary-schools/chij-st-theresas-convent/index.html
圣婴女校（大巴窑）怎么样？Toa Payoh、O-Level/IP、COP与中国学生选校指南,https://sgeda.org.cn/secondary-schools/chij-toa-payoh/,https://github.com/wysin808-dot/seda-website/edit/main/secondary-schools/chij-toa-payoh/index.html,secondary-schools/chij-toa-payoh/index.html
基督堂中学怎么样？Woodlands、O-Level/IP、COP与中国学生选校指南,https://sgeda.org.cn/secondary-schools/christ-church/,https://github.com/wysin808-dot/seda-website/edit/main/secondary-schools/christ-church/index.html,secondary-schools/christ-church/index.html
蔡厝港中学怎么样？Choa Chu Kang、O-Level/IP、COP与中国学生选校指南,https://sgeda.org.cn/secondary-schools/chua-chu-kang/,https://github.com/wysin808-dot/seda-website/edit/main/secondary-schools/chua-chu-kang/index.html,secondary-schools/chua-chu-kang/index.html
中正中学（总校）怎么样？Marine Parade、O-Level/IP、COP与中国学生选校指南,https://sgeda.org.cn/secondary-schools/chung-cheng-high-main/,https://github.com/wysin808-dot/seda-website/edit/main/secondary-schools/chung-cheng-high-main/index.html,secondary-schools/chung-cheng-high-main/index.html
中正中学（义顺）怎么样？Yishun、O-Level/IP、COP与中国学生选校指南,https://sgeda.org.cn/secondary-schools/chung-cheng-high-yishun/,https://github.com/wysin808-dot/seda-website/edit/main/secondary-schools/chung-cheng-high-yishun/index.html,secondary-schools/chung-cheng-high-yishun/index.html
金文泰城中学怎么样？Clementi、O-Level/IP、COP与中国学生选校指南,https://sgeda.org.cn/secondary-schools/clementi-town/,https://github.com/wysin808-dot/seda-website/edit/main/secondary-schools/clementi-town/index.html,secondary-schools/clementi-town/index.html
联邦中学怎么样？Jurong East、O-Level/IP、COP与中国学生选校指南,https://sgeda.org.cn/secondary-schools/commonwealth/,https://github.com/wysin808-dot/seda-website/edit/main/secondary-schools/commonwealth/index.html,secondary-schools/commonwealth/index.html
康柏中学怎么样？Sengkang、O-Level/IP、COP与中国学生选校指南,https://sgeda.org.cn/secondary-schools/compassvale/,https://github.com/wysin808-dot/seda-website/edit/main/secondary-schools/compassvale/index.html,secondary-schools/compassvale/index.html
克信女子中学怎么样？Bukit Merah、O-Level/IP、COP与中国学生选校指南,https://sgeda.org.cn/secondary-schools/crescent-girls/,https://github.com/wysin808-dot/seda-website/edit/main/secondary-schools/crescent-girls/index.html,secondary-schools/crescent-girls/index.html
科源中学怎么样？Jurong East、O-Level/IP、COP与中国学生选校指南,https://sgeda.org.cn/secondary-schools/crest/,https://github.com/wysin808-dot/seda-website/edit/main/secondary-schools/crest/index.html,secondary-schools/crest/index.html
达迈中学怎么样？Bedok、O-Level/IP、COP与中国学生选校指南,https://sgeda.org.cn/secondary-schools/damai/,https://github.com/wysin808-dot/seda-website/edit/main/secondary-schools/damai/index.html,secondary-schools/damai/index.html
德义中学怎么样？Ang Mo Kio、O-Level/IP、COP与中国学生选校指南,https://sgeda.org.cn/secondary-schools/deyi/,https://github.com/wysin808-dot/seda-website/edit/main/secondary-schools/deyi/index.html,secondary-schools/deyi/index.html
敦恩中学怎么样？Bukit Batok、O-Level/IP、COP与中国学生选校指南,https://sgeda.org.cn/secondary-schools/dunearn/,https://github.com/wysin808-dot/seda-website/edit/main/secondary-schools/dunearn/index.html,secondary-schools/dunearn/index.html
德明中学怎么样？Tampines、O-Level/IP、COP与中国学生选校指南,https://sgeda.org.cn/secondary-schools/dunman/,https://github.com/wysin808-dot/seda-website/edit/main/secondary-schools/dunman/index.html,secondary-schools/dunman/index.html
德明政府中学怎么样？Kallang、O-Level/IP、COP与中国学生选校指南,https://sgeda.org.cn/secondary-schools/dunman-high/,https://github.com/wysin808-dot/seda-website/edit/main/secondary-schools/dunman-high/index.html,secondary-schools/dunman-high/index.html
东泉中学 East Spring Secondary School 完全指南,https://sgeda.org.cn/secondary-schools/east-spring/,https://github.com/wysin808-dot/seda-website/edit/main/secondary-schools/east-spring/index.html,secondary-schools/east-spring/index.html
毅道中学怎么样？Punggol、O-Level/IP、COP与中国学生选校指南,https://sgeda.org.cn/secondary-schools/edgefield/,https://github.com/wysin808-dot/seda-website/edit/main/secondary-schools/edgefield/index.html,secondary-schools/edgefield/index.html
常青中学怎么样？Woodlands、O-Level/IP、COP与中国学生选校指南,https://sgeda.org.cn/secondary-schools/evergreen/,https://github.com/wysin808-dot/seda-website/edit/main/secondary-schools/evergreen/index.html,secondary-schools/evergreen/index.html
花菲卫理中学怎么样？Queenstown、O-Level/IP、COP与中国学生选校指南,https://sgeda.org.cn/secondary-schools/fairfield-methodist/,https://github.com/wysin808-dot/seda-website/edit/main/secondary-schools/fairfield-methodist/index.html,secondary-schools/fairfield-methodist/index.html
辅华中学怎么样？Jurong West、O-Level/IP、COP与中国学生选校指南,https://sgeda.org.cn/secondary-schools/fuhua/,https://github.com/wysin808-dot/seda-website/edit/main/secondary-schools/fuhua/index.html,secondary-schools/fuhua/index.html
颜永成中学怎么样？Bukit Merah、O-Level/IP、COP与中国学生选校指南,https://sgeda.org.cn/secondary-schools/gan-eng-seng/,https://github.com/wysin808-dot/seda-website/edit/main/secondary-schools/gan-eng-seng/index.html,secondary-schools/gan-eng-seng/index.html
芽笼美以美中学怎么样？Central、O-Level/IP、COP与中国学生选校指南,https://sgeda.org.cn/secondary-schools/geylang-methodist/,https://github.com/wysin808-dot/seda-website/edit/main/secondary-schools/geylang-methodist/index.html,secondary-schools/geylang-methodist/index.html
青景中学怎么样？Punggol、O-Level/IP、COP与中国学生选校指南,https://sgeda.org.cn/secondary-schools/greendale/,https://github.com/wysin808-dot/seda-website/edit/main/secondary-schools/greendale/index.html,secondary-schools/greendale/index.html
青岭中学怎么样？Bukit Panjang、O-Level/IP、COP与中国学生选校指南,https://sgeda.org.cn/secondary-schools/greenridge/,https://github.com/wysin808-dot/seda-website/edit/main/secondary-schools/greenridge/index.html,secondary-schools/greenridge/index.html
光洋中学怎么样？Bishan、O-Level/IP、COP与中国学生选校指南,https://sgeda.org.cn/secondary-schools/guangyang/,https://github.com/wysin808-dot/seda-website/edit/main/secondary-schools/guangyang/index.html,secondary-schools/guangyang/index.html
海星天主教中学怎么样？Pasir Ris、O-Level/IP、COP与中国学生选校指南,https://sgeda.org.cn/secondary-schools/hai-sing-catholic/,https://github.com/wysin808-dot/seda-website/edit/main/secondary-schools/hai-sing-catholic/index.html,secondary-schools/hai-sing-catholic/index.html
丘景中学怎么样？Bukit Batok、O-Level/IP、COP与中国学生选校指南,https://sgeda.org.cn/secondary-schools/hillgrove/,https://github.com/wysin808-dot/seda-website/edit/main/secondary-schools/hillgrove/index.html,secondary-schools/hillgrove/index.html
圣婴中学怎么样？Serangoon、O-Level/IP、COP与中国学生选校指南,https://sgeda.org.cn/secondary-schools/holy-innocents-high/,https://github.com/wysin808-dot/seda-website/edit/main/secondary-schools/holy-innocents-high/index.html,secondary-schools/holy-innocents-high/index.html
后港中学怎么样？Hougang、O-Level/IP、COP与中国学生选校指南,https://sgeda.org.cn/secondary-schools/hougang/,https://github.com/wysin808-dot/seda-website/edit/main/secondary-schools/hougang/index.html,secondary-schools/hougang/index.html
华义中学怎么样？Jurong West、O-Level/IP、COP与中国学生选校指南,https://sgeda.org.cn/secondary-schools/hua-yi/,https://github.com/wysin808-dot/seda-website/edit/main/secondary-schools/hua-yi/index.html,secondary-schools/hua-yi/index.html
华侨中学怎么样？Bukit Timah、O-Level/IP、COP与中国学生选校指南,https://sgeda.org.cn/secondary-schools/hwa-chong-institution/,https://github.com/wysin808-dot/seda-website/edit/main/secondary-schools/hwa-chong-institution/index.html,secondary-schools/hwa-chong-institution/index.html
新加坡政府中学完全指南：146 所中学排名、COP 分数与选校攻略,https://sgeda.org.cn/secondary-schools/,https://github.com/wysin808-dot/seda-website/edit/main/secondary-schools/index.html,secondary-schools/index.html
俊源中学 Junyuan Secondary School 完全指南,https://sgeda.org.cn/secondary-schools/junyuan/,https://github.com/wysin808-dot/seda-website/edit/main/secondary-schools/junyuan/index.html,secondary-schools/junyuan/index.html
裕廊中学怎么样？Jurong West、O-Level/IP、COP与中国学生选校指南,https://sgeda.org.cn/secondary-schools/jurong/,https://github.com/wysin808-dot/seda-website/edit/main/secondary-schools/jurong/index.html,secondary-schools/jurong/index.html
裕廊西中学怎么样？Jurong West、O-Level/IP、COP与中国学生选校指南,https://sgeda.org.cn/secondary-schools/jurong-west/,https://github.com/wysin808-dot/seda-website/edit/main/secondary-schools/jurong-west/index.html,secondary-schools/jurong-west/index.html
裕廊谷中学怎么样？Jurong East、O-Level/IP、COP与中国学生选校指南,https://sgeda.org.cn/secondary-schools/jurongville/,https://github.com/wysin808-dot/seda-website/edit/main/secondary-schools/jurongville/index.html,secondary-schools/jurongville/index.html
聚英中学怎么样？Jurong West、O-Level/IP、COP与中国学生选校指南,https://sgeda.org.cn/secondary-schools/juying/,https://github.com/wysin808-dot/seda-website/edit/main/secondary-schools/juying/index.html,secondary-schools/juying/index.html
肯特岗中学怎么样？Clementi、O-Level/IP、COP与中国学生选校指南,https://sgeda.org.cn/secondary-schools/kent-ridge/,https://github.com/wysin808-dot/seda-website/edit/main/secondary-schools/kent-ridge/index.html,secondary-schools/kent-ridge/index.html
克兰芝中学怎么样？Choa Chu Kang、O-Level/IP、COP与中国学生选校指南,https://sgeda.org.cn/secondary-schools/kranji/,https://github.com/wysin808-dot/seda-website/edit/main/secondary-schools/kranji/index.html,secondary-schools/kranji/index.html
国专长老会中学怎么样？Bishan、O-Level/IP、COP与中国学生选校指南,https://sgeda.org.cn/secondary-schools/kuo-chuan-presbyterian/,https://github.com/wysin808-dot/seda-website/edit/main/secondary-schools/kuo-chuan-presbyterian/index.html,secondary-schools/kuo-chuan-presbyterian/index.html
洛阳景中学怎么样？Pasir Ris、O-Level/IP、COP与中国学生选校指南,https://sgeda.org.cn/secondary-schools/loyang-view/,https://github.com/wysin808-dot/seda-website/edit/main/secondary-schools/loyang-view/index.html,secondary-schools/loyang-view/index.html
文殊中学怎么样？Geylang、O-Level/IP、COP与中国学生选校指南,https://sgeda.org.cn/secondary-schools/manjusri/,https://github.com/wysin808-dot/seda-website/edit/main/secondary-schools/manjusri/index.html,secondary-schools/manjusri/index.html
海星中学怎么样？Bedok、O-Level/IP、COP与中国学生选校指南,https://sgeda.org.cn/secondary-schools/maris-stella-high/,https://github.com/wysin808-dot/seda-website/edit/main/secondary-schools/maris-stella-high/index.html,secondary-schools/maris-stella-high/index.html
马西岭中学怎么样？Woodlands、O-Level/IP、COP与中国学生选校指南,https://sgeda.org.cn/secondary-schools/marsiling/,https://github.com/wysin808-dot/seda-website/edit/main/secondary-schools/marsiling/index.html,secondary-schools/marsiling/index.html
美华中学怎么样？Ang Mo Kio、O-Level/IP、COP与中国学生选校指南,https://sgeda.org.cn/secondary-schools/mayflower/,https://github.com/wysin808-dot/seda-website/edit/main/secondary-schools/mayflower/index.html,secondary-schools/mayflower/index.html
美廉中学 Meridian Secondary School 完全指南,https://sgeda.org.cn/secondary-schools/meridian/,https://github.com/wysin808-dot/seda-website/edit/main/secondary-schools/meridian/index.html,secondary-schools/meridian/index.html
美以美女校怎么样？Bukit Timah、O-Level/IP、COP与中国学生选校指南,https://sgeda.org.cn/secondary-schools/methodist-girls/,https://github.com/wysin808-dot/seda-website/edit/main/secondary-schools/methodist-girls/index.html,secondary-schools/methodist-girls/index.html
蒙福中学怎么样？Hougang、O-Level/IP、COP与中国学生选校指南,https://sgeda.org.cn/secondary-schools/montfort/,https://github.com/wysin808-dot/seda-website/edit/main/secondary-schools/montfort/index.html,secondary-schools/montfort/index.html
南侨中学怎么样？Sengkang、O-Level/IP、COP与中国学生选校指南,https://sgeda.org.cn/secondary-schools/nan-chiau-high/,https://github.com/wysin808-dot/seda-website/edit/main/secondary-schools/nan-chiau-high/index.html,secondary-schools/nan-chiau-high/index.html
南华中学怎么样？Clementi、O-Level/IP、COP与中国学生选校指南,https://sgeda.org.cn/secondary-schools/nan-hua-high/,https://github.com/wysin808-dot/seda-website/edit/main/secondary-schools/nan-hua-high/index.html,secondary-schools/nan-hua-high/index.html
南洋女子中学怎么样？Bukit Timah、O-Level/IP、COP与中国学生选校指南,https://sgeda.org.cn/secondary-schools/nanyang-girls/,https://github.com/wysin808-dot/seda-website/edit/main/secondary-schools/nanyang-girls/index.html,secondary-schools/nanyang-girls/index.html
国家初级学院怎么样？Bukit Timah、O-Level/IP、COP与中国学生选校指南,https://sgeda.org.cn/secondary-schools/national-junior-college/,https://github.com/wysin808-dot/seda-website/edit/main/secondary-schools/national-junior-college/index.html,secondary-schools/national-junior-college/index.html
海军基地中学怎么样？Yishun、O-Level/IP、COP与中国学生选校指南,https://sgeda.org.cn/secondary-schools/naval-base/,https://github.com/wysin808-dot/seda-website/edit/main/secondary-schools/naval-base/index.html,secondary-schools/naval-base/index.html
新镇中学怎么样？Queenstown、O-Level/IP、COP与中国学生选校指南,https://sgeda.org.cn/secondary-schools/new-town/,https://github.com/wysin808-dot/seda-website/edit/main/secondary-schools/new-town/index.html,secondary-schools/new-town/index.html
义安中学怎么样？Tampines、O-Level/IP、COP与中国学生选校指南,https://sgeda.org.cn/secondary-schools/ngee-ann/,https://github.com/wysin808-dot/seda-website/edit/main/secondary-schools/ngee-ann/index.html,secondary-schools/ngee-ann/index.html
北景中学怎么样？Sengkang、O-Level/IP、COP与中国学生选校指南,https://sgeda.org.cn/secondary-schools/north-vista/,https://github.com/wysin808-dot/seda-website/edit/main/secondary-schools/north-vista/index.html,secondary-schools/north-vista/index.html
北溪中学怎么样？Yishun、O-Level/IP、COP与中国学生选校指南,https://sgeda.org.cn/secondary-schools/northbrooks/,https://github.com/wysin808-dot/seda-website/edit/main/secondary-schools/northbrooks/index.html,secondary-schools/northbrooks/index.html
北地中学 Northland Secondary School 完全指南,https://sgeda.org.cn/secondary-schools/northland/,https://github.com/wysin808-dot/seda-website/edit/main/secondary-schools/northland/index.html,secondary-schools/northland/index.html
新加坡国立大学附属数理中学怎么样？Clementi、O-Level/IP、COP与中国学生选校指南,https://sgeda.org.cn/secondary-schools/nus-high/,https://github.com/wysin808-dot/seda-website/edit/main/secondary-schools/nus-high/index.html,secondary-schools/nus-high/index.html
兰苑中学 Orchid Park Secondary School 完全指南,https://sgeda.org.cn/secondary-schools/orchid-park/,https://github.com/wysin808-dot/seda-website/edit/main/secondary-schools/orchid-park/index.html,secondary-schools/orchid-park/index.html
欧南中学怎么样？Sengkang、O-Level/IP、COP与中国学生选校指南,https://sgeda.org.cn/secondary-schools/outram/,https://github.com/wysin808-dot/seda-website/edit/main/secondary-schools/outram/index.html,secondary-schools/outram/index.html
巴西立中学怎么样？Tampines、O-Level/IP、COP与中国学生选校指南,https://sgeda.org.cn/secondary-schools/pasir-ris/,https://github.com/wysin808-dot/seda-website/edit/main/secondary-schools/pasir-ris/index.html,secondary-schools/pasir-ris/index.html
巴西立峰中学怎么样？Pasir Ris、O-Level/IP、COP与中国学生选校指南,https://sgeda.org.cn/secondary-schools/pasir-ris-crest/,https://github.com/wysin808-dot/seda-website/edit/main/secondary-schools/pasir-ris-crest/index.html,secondary-schools/pasir-ris-crest/index.html
巴耶利峇美以美女校怎么样？Hougang、O-Level/IP、COP与中国学生选校指南,https://sgeda.org.cn/secondary-schools/paya-lebar-methodist/,https://github.com/wysin808-dot/seda-website/edit/main/secondary-schools/paya-lebar-methodist/index.html,secondary-schools/paya-lebar-methodist/index.html
培华中学 Pei Hwa Secondary School 完全指南,https://sgeda.org.cn/secondary-schools/pei-hwa/,https://github.com/wysin808-dot/seda-website/edit/main/secondary-schools/pei-hwa/index.html,secondary-schools/pei-hwa/index.html
培才中学怎么样？Serangoon、O-Level/IP、COP与中国学生选校指南,https://sgeda.org.cn/secondary-schools/peicai/,https://github.com/wysin808-dot/seda-website/edit/main/secondary-schools/peicai/index.html,secondary-schools/peicai/index.html
培尔斯中学怎么样？Bishan、O-Level/IP、COP与中国学生选校指南,https://sgeda.org.cn/secondary-schools/peirce/,https://github.com/wysin808-dot/seda-website/edit/main/secondary-schools/peirce/index.html,secondary-schools/peirce/index.html
长老会中学怎么样？Ang Mo Kio、O-Level/IP、COP与中国学生选校指南,https://sgeda.org.cn/secondary-schools/presbyterian-high/,https://github.com/wysin808-dot/seda-website/edit/main/secondary-schools/presbyterian-high/index.html,secondary-schools/presbyterian-high/index.html
榜鹅中学怎么样？Punggol、O-Level/IP、COP与中国学生选校指南,https://sgeda.org.cn/secondary-schools/punggol/,https://github.com/wysin808-dot/seda-website/edit/main/secondary-schools/punggol/index.html,secondary-schools/punggol/index.html
女皇镇中学 Queenstown Secondary School 完全指南,https://sgeda.org.cn/secondary-schools/queenstown/,https://github.com/wysin808-dot/seda-website/edit/main/secondary-schools/queenstown/index.html,secondary-schools/queenstown/index.html
女皇道中学怎么样？Queenstown、O-Level/IP、COP与中国学生选校指南,https://sgeda.org.cn/secondary-schools/queensway/,https://github.com/wysin808-dot/seda-website/edit/main/secondary-schools/queensway/index.html,secondary-schools/queensway/index.html
莱佛士女中怎么样？Toa Payoh、O-Level/IP、COP与中国学生选校指南,https://sgeda.org.cn/secondary-schools/raffles-girls/,https://github.com/wysin808-dot/seda-website/edit/main/secondary-schools/raffles-girls/index.html,secondary-schools/raffles-girls/index.html
莱佛士书院怎么样？Bishan、O-Level/IP、COP与中国学生选校指南,https://sgeda.org.cn/secondary-schools/raffles-institution/,https://github.com/wysin808-dot/seda-website/edit/main/secondary-schools/raffles-institution/index.html,secondary-schools/raffles-institution/index.html
丽晶中学 Regent Secondary School 完全指南,https://sgeda.org.cn/secondary-schools/regent/,https://github.com/wysin808-dot/seda-website/edit/main/secondary-schools/regent/index.html,secondary-schools/regent/index.html
立化中学怎么样？Jurong West、O-Level/IP、COP与中国学生选校指南,https://sgeda.org.cn/secondary-schools/river-valley-high/,https://github.com/wysin808-dot/seda-website/edit/main/secondary-schools/river-valley-high/index.html,secondary-schools/river-valley-high/index.html
河畔中学怎么样？Woodlands、O-Level/IP、COP与中国学生选校指南,https://sgeda.org.cn/secondary-schools/riverside/,https://github.com/wysin808-dot/seda-website/edit/main/secondary-schools/riverside/index.html,secondary-schools/riverside/index.html
科技中学怎么样？Clementi、O-Level/IP、COP与中国学生选校指南,https://sgeda.org.cn/secondary-schools/school-of-science-technology/,https://github.com/wysin808-dot/seda-website/edit/main/secondary-schools/school-of-science-technology/index.html,secondary-schools/school-of-science-technology/index.html
艺术中学怎么样？Central、O-Level/IP、COP与中国学生选校指南,https://sgeda.org.cn/secondary-schools/school-of-the-arts/,https://github.com/wysin808-dot/seda-website/edit/main/secondary-schools/school-of-the-arts/index.html,secondary-schools/school-of-the-arts/index.html
三巴旺中学怎么样？Sembawang、O-Level/IP、COP与中国学生选校指南,https://sgeda.org.cn/secondary-schools/sembawang/,https://github.com/wysin808-dot/seda-website/edit/main/secondary-schools/sembawang/index.html,secondary-schools/sembawang/index.html
盛港中学 Seng Kang Secondary School 完全指南,https://sgeda.org.cn/secondary-schools/seng-kang/,https://github.com/wysin808-dot/seda-website/edit/main/secondary-schools/seng-kang/index.html,secondary-schools/seng-kang/index.html
实龙岗中学 Serangoon Secondary School 完全指南,https://sgeda.org.cn/secondary-schools/serangoon/,https://github.com/wysin808-dot/seda-website/edit/main/secondary-schools/serangoon/index.html,secondary-schools/serangoon/index.html
实龙岗花园中学怎么样？Serangoon、O-Level/IP、COP与中国学生选校指南,https://sgeda.org.cn/secondary-schools/serangoon-garden/,https://github.com/wysin808-dot/seda-website/edit/main/secondary-schools/serangoon-garden/index.html,secondary-schools/serangoon-garden/index.html
新加坡华族女校怎么样？Novena、O-Level/IP、COP与中国学生选校指南,https://sgeda.org.cn/secondary-schools/singapore-chinese-girls/,https://github.com/wysin808-dot/seda-website/edit/main/secondary-schools/singapore-chinese-girls/index.html,secondary-schools/singapore-chinese-girls/index.html
新加坡体育中学怎么样？Woodlands、O-Level/IP、COP与中国学生选校指南,https://sgeda.org.cn/secondary-schools/singapore-sports-school/,https://github.com/wysin808-dot/seda-website/edit/main/secondary-schools/singapore-sports-school/index.html,secondary-schools/singapore-sports-school/index.html
光谱中学 Spectra Secondary School 完全指南,https://sgeda.org.cn/secondary-schools/spectra/,https://github.com/wysin808-dot/seda-website/edit/main/secondary-schools/spectra/index.html,secondary-schools/spectra/index.html
春田中学怎么样？Tampines、O-Level/IP、COP与中国学生选校指南,https://sgeda.org.cn/secondary-schools/springfield/,https://github.com/wysin808-dot/seda-website/edit/main/secondary-schools/springfield/index.html,secondary-schools/springfield/index.html
圣安德烈中学怎么样？Toa Payoh、O-Level/IP、COP与中国学生选校指南,https://sgeda.org.cn/secondary-schools/st-andrews/,https://github.com/wysin808-dot/seda-website/edit/main/secondary-schools/st-andrews/index.html,secondary-schools/st-andrews/index.html
圣安东尼女校怎么样？Bedok、O-Level/IP、COP与中国学生选校指南,https://sgeda.org.cn/secondary-schools/st-anthonys-canossian/,https://github.com/wysin808-dot/seda-website/edit/main/secondary-schools/st-anthonys-canossian/index.html,secondary-schools/st-anthonys-canossian/index.html
圣嘉百利中学怎么样？Serangoon、O-Level/IP、COP与中国学生选校指南,https://sgeda.org.cn/secondary-schools/st-gabriels/,https://github.com/wysin808-dot/seda-website/edit/main/secondary-schools/st-gabriels/index.html,secondary-schools/st-gabriels/index.html
圣希尔达中学怎么样？Tampines、O-Level/IP、COP与中国学生选校指南,https://sgeda.org.cn/secondary-schools/st-hildas/,https://github.com/wysin808-dot/seda-website/edit/main/secondary-schools/st-hildas/index.html,secondary-schools/st-hildas/index.html
圣约瑟书院怎么样？Novena、O-Level/IP、COP与中国学生选校指南,https://sgeda.org.cn/secondary-schools/st-josephs-institution/,https://github.com/wysin808-dot/seda-website/edit/main/secondary-schools/st-josephs-institution/index.html,secondary-schools/st-josephs-institution/index.html
圣玛格烈中学怎么样？Bukit Timah、O-Level/IP、COP与中国学生选校指南,https://sgeda.org.cn/secondary-schools/st-margarets/,https://github.com/wysin808-dot/seda-website/edit/main/secondary-schools/st-margarets/index.html,secondary-schools/st-margarets/index.html
圣巴特里中学怎么样？Bedok、O-Level/IP、COP与中国学生选校指南,https://sgeda.org.cn/secondary-schools/st-patricks/,https://github.com/wysin808-dot/seda-website/edit/main/secondary-schools/st-patricks/index.html,secondary-schools/st-patricks/index.html
瑞士村中学怎么样？Bukit Batok、O-Level/IP、COP与中国学生选校指南,https://sgeda.org.cn/secondary-schools/swiss-cottage/,https://github.com/wysin808-dot/seda-website/edit/main/secondary-schools/swiss-cottage/index.html,secondary-schools/swiss-cottage/index.html
淡滨尼中学 Tampines Secondary School 完全指南,https://sgeda.org.cn/secondary-schools/tampines/,https://github.com/wysin808-dot/seda-website/edit/main/secondary-schools/tampines/index.html,secondary-schools/tampines/index.html
丹绒加东中学怎么样？Marine Parade、O-Level/IP、COP与中国学生选校指南,https://sgeda.org.cn/secondary-schools/tanjong-katong/,https://github.com/wysin808-dot/seda-website/edit/main/secondary-schools/tanjong-katong/index.html,secondary-schools/tanjong-katong/index.html
丹绒加东女校怎么样？Marine Parade、O-Level/IP、COP与中国学生选校指南,https://sgeda.org.cn/secondary-schools/tanjong-katong-girls/,https://github.com/wysin808-dot/seda-website/edit/main/secondary-schools/tanjong-katong-girls/index.html,secondary-schools/tanjong-katong-girls/index.html
淡马锡中学怎么样？Bedok、O-Level/IP、COP与中国学生选校指南,https://sgeda.org.cn/secondary-schools/temasek/,https://github.com/wysin808-dot/seda-website/edit/main/secondary-schools/temasek/index.html,secondary-schools/temasek/index.html
淡马锡初级学院 Temasek Junior College 完全指南,https://sgeda.org.cn/secondary-schools/temasek-junior-college/,https://github.com/wysin808-dot/seda-website/edit/main/secondary-schools/temasek-junior-college/index.html,secondary-schools/temasek-junior-college/index.html
友诺中学 Unity Secondary School 完全指南,https://sgeda.org.cn/secondary-schools/unity/,https://github.com/wysin808-dot/seda-website/edit/main/secondary-schools/unity/index.html,secondary-schools/unity/index.html
维多利亚中学怎么样？Bedok、O-Level/IP、COP与中国学生选校指南,https://sgeda.org.cn/secondary-schools/victoria-school/,https://github.com/wysin808-dot/seda-website/edit/main/secondary-schools/victoria-school/index.html,secondary-schools/victoria-school/index.html
西泉中学怎么样？Bukit Panjang、O-Level/IP、COP与中国学生选校指南,https://sgeda.org.cn/secondary-schools/west-spring/,https://github.com/wysin808-dot/seda-website/edit/main/secondary-schools/west-spring/index.html,secondary-schools/west-spring/index.html
西林中学 Westwood Secondary School 完全指南,https://sgeda.org.cn/secondary-schools/westwood/,https://github.com/wysin808-dot/seda-website/edit/main/secondary-schools/westwood/index.html,secondary-schools/westwood/index.html
惠特利中学 Whitley Secondary School 完全指南,https://sgeda.org.cn/secondary-schools/whitley/,https://github.com/wysin808-dot/seda-website/edit/main/secondary-schools/whitley/index.html,secondary-schools/whitley/index.html
林景中学 Woodgrove Secondary School 完全指南,https://sgeda.org.cn/secondary-schools/woodgrove/,https://github.com/wysin808-dot/seda-website/edit/main/secondary-schools/woodgrove/index.html,secondary-schools/woodgrove/index.html
兀兰中学 Woodlands Secondary School 完全指南,https://sgeda.org.cn/secondary-schools/woodlands/,https://github.com/wysin808-dot/seda-website/edit/main/secondary-schools/woodlands/index.html,secondary-schools/woodlands/index.html
兀兰环中学怎么样？Woodlands、O-Level/IP、COP与中国学生选校指南,https://sgeda.org.cn/secondary-schools/woodlands-ring/,https://github.com/wysin808-dot/seda-website/edit/main/secondary-schools/woodlands-ring/index.html,secondary-schools/woodlands-ring/index.html
新民中学怎么样？Hougang、O-Level/IP、COP与中国学生选校指南,https://sgeda.org.cn/secondary-schools/xinmin/,https://github.com/wysin808-dot/seda-website/edit/main/secondary-schools/xinmin/index.html,secondary-schools/xinmin/index.html
杨厝港中学怎么样？Ang Mo Kio、O-Level/IP、COP与中国学生选校指南,https://sgeda.org.cn/secondary-schools/yio-chu-kang/,https://github.com/wysin808-dot/seda-website/edit/main/secondary-schools/yio-chu-kang/index.html,secondary-schools/yio-chu-kang/index.html
义顺中学怎么样？Yishun、O-Level/IP、COP与中国学生选校指南,https://sgeda.org.cn/secondary-schools/yishun/,https://github.com/wysin808-dot/seda-website/edit/main/secondary-schools/yishun/index.html,secondary-schools/yishun/index.html
义顺城中学怎么样？Yishun、O-Level/IP、COP与中国学生选校指南,https://sgeda.org.cn/secondary-schools/yishun-town/,https://github.com/wysin808-dot/seda-website/edit/main/secondary-schools/yishun-town/index.html,secondary-schools/yishun-town/index.html
元青中学怎么样？Jurong West、O-Level/IP、COP与中国学生选校指南,https://sgeda.org.cn/secondary-schools/yuan-ching/,https://github.com/wysin808-dot/seda-website/edit/main/secondary-schools/yuan-ching/index.html,secondary-schools/yuan-ching/index.html
裕华中学 Yuhua Secondary School 完全指南,https://sgeda.org.cn/secondary-schools/yuhua/,https://github.com/wysin808-dot/seda-website/edit/main/secondary-schools/yuhua/index.html,secondary-schools/yuhua/index.html
尤索夫依萨中学怎么样？Punggol、O-Level/IP、COP与中国学生选校指南,https://sgeda.org.cn/secondary-schools/yusof-ishak/,https://github.com/wysin808-dot/seda-website/edit/main/secondary-schools/yusof-ishak/index.html,secondary-schools/yusof-ishak/index.html
育英中学 Yuying Secondary School 完全指南,https://sgeda.org.cn/secondary-schools/yuying/,https://github.com/wysin808-dot/seda-website/edit/main/secondary-schools/yuying/index.html,secondary-schools/yuying/index.html
正华中学 Zhenghua Secondary School 完全指南,https://sgeda.org.cn/secondary-schools/zhenghua/,https://github.com/wysin808-dot/seda-website/edit/main/secondary-schools/zhenghua/index.html,secondary-schools/zhenghua/index.html
中华中学怎么样？Serangoon、O-Level/IP、COP与中国学生选校指南,https://sgeda.org.cn/secondary-schools/zhonghua/,https://github.com/wysin808-dot/seda-website/edit/main/secondary-schools/zhonghua/index.html,secondary-schools/zhonghua/index.html
新加坡教育体系全面解读：从幼儿园到大学的完整指南,https://sgeda.org.cn/singapore-education/,https://github.com/wysin808-dot/seda-website/edit/main/singapore-education/index.html,singapore-education/index.html
新加坡初级学院（JC）全面解读：A-Level、排名与选校指南,https://sgeda.org.cn/singapore-education/junior-college/,https://github.com/wysin808-dot/seda-website/edit/main/singapore-education/junior-college/index.html,singapore-education/junior-college/index.html
新加坡理工学院（Poly）全面解读：五大 Poly、课程与升学路径,https://sgeda.org.cn/singapore-education/polytechnic/,https://github.com/wysin808-dot/seda-website/edit/main/singapore-education/polytechnic/index.html,singapore-education/polytechnic/index.html
新加坡小学教育全面解读：体系、科目、分流与 PSLE,https://sgeda.org.cn/singapore-education/primary/,https://github.com/wysin808-dot/seda-website/edit/main/singapore-education/primary/index.html,singapore-education/primary/index.html
新加坡中学教育全面解读：G1/G2/G3 分级、科目与升学路径,https://sgeda.org.cn/singapore-education/secondary/,https://github.com/wysin808-dot/seda-website/edit/main/singapore-education/secondary/index.html,singapore-education/secondary/index.html
新加坡六所公立大学全面解读：NUS/NTU/SMU/SUTD/SIT/SUSS,https://sgeda.org.cn/singapore-education/university/,https://github.com/wysin808-dot/seda-website/edit/main/singapore-education/university/index.html,singapore-education/university/index.html
新加坡教育 vs 中国教育：体系对比与留学决策分析,https://sgeda.org.cn/singapore-education/vs-china/,https://github.com/wysin808-dot/seda-website/edit/main/singapore-education/vs-china/index.html,singapore-education/vs-china/index.html
AI 升学工具合集 顾问工具,https://sgeda.org.cn/tools/,https://github.com/wysin808-dot/seda-website/edit/main/tools/index.html,tools/index.html
AEIS 新加坡政府学校插班专题,https://sgeda.org.cn/topics/aeis/,https://github.com/wysin808-dot/seda-website/edit/main/topics/aeis/index.html,topics/aeis/index.html
SEDA 新加坡教育专题,https://sgeda.org.cn/topics/,https://github.com/wysin808-dot/seda-website/edit/main/topics/index.html,topics/index.html
新加坡国际学校择校专题,https://sgeda.org.cn/topics/international-schools/,https://github.com/wysin808-dot/seda-website/edit/main/topics/international-schools/index.html,topics/international-schools/index.html
O-Level 新加坡中学升学专题,https://sgeda.org.cn/topics/o-level/,https://github.com/wysin808-dot/seda-website/edit/main/topics/o-level/index.html,topics/o-level/index.html
新加坡政府学校择校专题,https://sgeda.org.cn/topics/singapore-government-schools/,https://github.com/wysin808-dot/seda-website/edit/main/topics/singapore-government-schools/index.html,topics/singapore-government-schools/index.html
新加坡大学申请专题,https://sgeda.org.cn/topics/singapore-university/,https://github.com/wysin808-dot/seda-website/edit/main/topics/singapore-university/index.html,topics/singapore-university/index.html
新加坡留学费用专题,https://sgeda.org.cn/topics/study-cost/,https://github.com/wysin808-dot/seda-website/edit/main/topics/study-cost/index.html,topics/study-cost/index.html
WACE 国际高中与 ATAR 升学专题,https://sgeda.org.cn/topics/wace/,https://github.com/wysin808-dot/seda-website/edit/main/topics/wace/index.html,topics/wace/index.html
从新加坡申请英国大学完全攻略：G5 到罗素集团,https://sgeda.org.cn/uk-university/,https://github.com/wysin808-dot/seda-website/edit/main/uk-university/index.html,uk-university/index.html
中国学生申请新加坡公立大学完全攻略：高考直申、A-Level、IB、WACE 全路径,https://sgeda.org.cn/university/admission/,https://github.com/wysin808-dot/seda-website/edit/main/university/admission/index.html,university/admission/index.html
新加坡大学完全指南：6所公立大学与新加坡艺术大学,https://sgeda.org.cn/university/,https://github.com/wysin808-dot/seda-website/edit/main/university/index.html,university/index.html
南洋理工大学申请指南：专业、学费与录取要求,https://sgeda.org.cn/university/ntu/,https://github.com/wysin808-dot/seda-website/edit/main/university/ntu/index.html,university/ntu/index.html
新加坡国立大学申请指南：专业、学费与录取要求,https://sgeda.org.cn/university/nus/,https://github.com/wysin808-dot/seda-website/edit/main/university/nus/index.html,university/nus/index.html
新加坡国立大学本科怎么申请？中国学生家长需要先看懂规则,https://sgeda.org.cn/university/nus-undergraduate-application-chinese-students/,https://github.com/wysin808-dot/seda-website/edit/main/university/nus-undergraduate-application-chinese-students/index.html,university/nus-undergraduate-application-chinese-students/index.html
新加坡理工大学申请指南：专业、学费与录取要求,https://sgeda.org.cn/university/sit/,https://github.com/wysin808-dot/seda-website/edit/main/university/sit/index.html,university/sit/index.html
新加坡管理大学申请指南：专业、学费与录取要求,https://sgeda.org.cn/university/smu/,https://github.com/wysin808-dot/seda-website/edit/main/university/smu/index.html,university/smu/index.html
新跃社科大学申请指南：专业、学费与录取要求,https://sgeda.org.cn/university/suss/,https://github.com/wysin808-dot/seda-website/edit/main/university/suss/index.html,university/suss/index.html
新加坡科技设计大学申请指南：专业、学费与录取要求,https://sgeda.org.cn/university/sutd/,https://github.com/wysin808-dot/seda-website/edit/main/university/sutd/index.html,university/sutd/index.html
新加坡艺术大学怎么样？艺术、设计、媒体、表演、音乐等本科与硕士学位课程、作品集、专业与中国学生指南,https://sgeda.org.cn/university/uas/,https://github.com/wysin808-dot/seda-website/edit/main/university/uas/index.html,university/uas/index.html
WACE 成绩申请澳洲大学完全指南：八大名校 ATAR 要求,https://sgeda.org.cn/wace/australia/,https://github.com/wysin808-dot/seda-website/edit/main/wace/australia/index.html,wace/australia/index.html
WACE 适合中国学生吗？学生画像与成功路径分析,https://sgeda.org.cn/wace/chinese-students/,https://github.com/wysin808-dot/seda-website/edit/main/wace/chinese-students/index.html,wace/chinese-students/index.html
WACE 是什么？中国学生新加坡读 WACE 完全指南（2026）,https://sgeda.org.cn/wace/,https://github.com/wysin808-dot/seda-website/edit/main/wace/index.html,wace/index.html
WACE 科目选择指南：全部 ATAR 科目一览与选课组合推荐,https://sgeda.org.cn/wace/subjects/,https://github.com/wysin808-dot/seda-website/edit/main/wace/subjects/index.html,wace/subjects/index.html
WACE 大学认可度：全球哪些大学接受 WACE ATAR 成绩？| SEDA 新加坡择校网,https://sgeda.org.cn/wace/university-recognition/,https://github.com/wysin808-dot/seda-website/edit/main/wace/university-recognition/index.html,wace/university-recognition/index.html
WACE vs IB 全面对比：新加坡留学选 WACE 还是 IB？| SEDA 新加坡择校网,https://sgeda.org.cn/wace/vs-ib/,https://github.com/wysin808-dot/seda-website/edit/main/wace/vs-ib/index.html,wace/vs-ib/index.html
WACE申请NTU难吗？中国学生要看哪些成绩和科目,https://sgeda.org.cn/wace/wace-apply-ntu-difficulty/,https://github.com/wysin808-dot/seda-website/edit/main/wace/wace-apply-ntu-difficulty/index.html,wace/wace-apply-ntu-difficulty/index.html
WACE申请NUS需要什么条件？中国学生要提前看这几项,https://sgeda.org.cn/wace/wace-apply-nus-requirements/,https://github.com/wysin808-dot/seda-website/edit/main/wace/wace-apply-nus-requirements/index.html,wace/wace-apply-nus-requirements/index.html
WACE适合中国学生吗？家长最关心的7个判断点,https://sgeda.org.cn/wace/wace-suitable-for-chinese-students/,https://github.com/wysin808-dot/seda-website/edit/main/wace/wace-suitable-for-chinese-students/index.html,wace/wace-suitable-for-chinese-students/index.html
WACE 是什么？西澳课程起源、体系与全球认可度详解,https://sgeda.org.cn/wace/what-is/,https://github.com/wysin808-dot/seda-website/edit/main/wace/what-is/index.html,wace/what-is/index.html
WACE ATAR 成绩详解：计算方式、Scaling 机制与大学申请门槛,https://sgeda.org.cn/wace-atar/,https://github.com/wysin808-dot/seda-website/edit/main/wace-atar/index.html,wace-atar/index.html
WACE 成绩申请 NUS/NTU 完全指南：ATAR 要求、专业门槛与选课策略,https://sgeda.org.cn/wace-nus-ntu/,https://github.com/wysin808-dot/seda-website/edit/main/wace-nus-ntu/index.html,wace-nus-ntu/index.html
WACE vs A-Level 完全对比：新加坡国际高中怎么选,https://sgeda.org.cn/wace-vs-a-level/,https://github.com/wysin808-dot/seda-website/edit/main/wace-vs-a-level/index.html,wace-vs-a-level/index.html
